ID,マップ名,ひらがな名,都市（1:都市）,ポータル可否（1:可）,入口マップ,ダンジョンマップ,"0:Fld,1:Dun",1:消失マップ,BGMタイトル,BGM,所属国,エリア,侵入可能条件,前提クエスト,パーティ制限,入場コスト,制限時間,再生成クールタイム,再入場,備考,通称,通称(かな)
pvp_y_room,PvP : ナイトメアモード控え室,PvP : ないとめあもーどひかえしつ,0,0,"prontera,morocc,geffen,alberta",,2,0,52,Ready~,ルーンミッドガッツ王国,PvP,,,,500z,,,,,,
pvp_y_room,PvP : ヨーヨーモード控え室,PvP : よーよーもーどひかえしつ,0,0,"prontera,morocc,geffen,alberta",,2,0,52,Ready~,ルーンミッドガッツ王国,PvP,,,,500z,,,,,,
ein_fild01,アインブロックフィールド 01,あいんぶろっくふぃーるど 01,0,0,,,0,0,87,Ethnica,シュバルツバルド共和国,アインブロック地方,,,,,,,,,,
ein_fild02,アインブロックフィールド 02,あいんぶろっくふぃーるど 02,0,1,,,0,1,87,Ethnica,シュバルツバルド共和国,アインブロック地方,,,,,,,,,,
ein_fild03,アインブロックフィールド 03,あいんぶろっくふぃーるど 03,0,1,,,0,0,87,Ethnica,シュバルツバルド共和国,アインブロック地方,,,,,,,,,,
ein_fild04,アインブロックフィールド 04,あいんぶろっくふぃーるど 04,0,1,,,0,0,87,Ethnica,シュバルツバルド共和国,アインブロック地方,,,,,,,,,ジオ園,じおえん
ein_fild05,アインブロックフィールド 05,あいんぶろっくふぃーるど 05,0,1,,,0,0,87,Ethnica,シュバルツバルド共和国,アインブロック地方,,,,,,,,,,
ein_fild06,アインブロックフィールド 06,あいんぶろっくふぃーるど 06,0,1,,,0,0,87,Ethnica,シュバルツバルド共和国,アインブロック地方,,,,,,,,,,
ein_fild07,アインブロックフィールド 07,あいんぶろっくふぃーるど 07,0,1,,,0,0,87,Ethnica,シュバルツバルド共和国,アインブロック地方,,,,,,,,,,
ein_fild08,アインブロックフィールド 08,あいんぶろっくふぃーるど 08,0,1,,,0,0,87,Ethnica,シュバルツバルド共和国,アインブロック地方,,,,,,,,,,
ein_fild09,アインブロックフィールド 09,あいんぶろっくふぃーるど 09,0,1,,,0,0,87,Ethnica,シュバルツバルド共和国,アインブロック地方,,,,,,,,,,
ein_fild10,アインブロックフィールド 10,あいんぶろっくふぃーるど 10,0,1,,,0,1,87,Ethnica,シュバルツバルド共和国,アインブロック地方,,,,,,,,,,
gl_chyard_,悪夢のグラストヘイムカタコンベ,あくむのぐらすとへいむかたこんべ,0,0,glast_01,,1,0,,,ルーンミッドガッツ王国,グラストヘイム,三次職、限界突破以外,,,5kz,,,,,GHNM,GHNM
gl_cas02_,悪夢のグラストヘイム古城2F,あくむのぐらすとへいむこじょう2F,0,0,glast_01,,1,0,,,ルーンミッドガッツ王国,グラストヘイム,三次職、限界突破,,,10kz,,,,,GHNM,GHNM
1@jtb,悪夢のジターバグ,あくむのじたーばぐ,0,0,"prontera,morocc",,2,0,160,Jittering Nightmare,ルーンミッドガッツ王国,プロンテラ地方,三次職、影狼、朧、限界突破,,1～,,1h,入場してから1回目のAM5:00,不可,"ミニマップ：×,険しい道はLv.120～,1回クリアで会話短縮可",,
abyss_01,アビスレイク地下洞窟 01,あびすれいくちかどうくつ 01,0,0,hu_fild05,,1,0,100,Abyss,シュバルツバルド共和国,フィゲル地方,,,,ドラゴンの鱗1個・ドラゴンの牙1個・ドラゴンの尻尾1個,,,,水場：○,,
abyss_02,アビスレイク地下洞窟 02,あびすれいくちかどうくつ 02,0,0,hu_fild05,,1,0,100,Abyss,シュバルツバルド共和国,フィゲル地方,,,,ドラゴンの鱗1個・ドラゴンの牙1個・ドラゴンの尻尾1個,,,,,,
abyss_03,アビスレイク地下洞窟 03,あびすれいくちかどうくつ 03,0,0,hu_fild05,,1,0,100,Abyss,シュバルツバルド共和国,フィゲル地方,,,,ドラゴンの鱗1個・ドラゴンの牙1個・ドラゴンの尻尾1個,,,,,,
ama_dun01,アマツダンジョン 01（畳の迷宮）,あまつだんじょん 01（たたみのめいきゅう）,0,0,amatsu,,1,0,77,"Can't go home again, baby",ローカル,アマツ,通行手形を所持,通行手形,,渡航費10kz,,,,"テレポ禁止,To2F：模様のある畳を曲がる",,
ama_dun02,アマツダンジョン 02（地下戦場跡）,あまつだんじょん 02（ちかせんじょうあと）,0,0,amatsu,,1,0,77,"Can't go home again, baby",ローカル,アマツ,通行手形を所持,通行手形,,渡航費10kz,,,,,,
ama_dun03,アマツダンジョン 03（アマツ地下神社）,あまつだんじょん 03（あまつちかじんじゃ）,0,0,amatsu,,1,0,77,"Can't go home again, baby",ローカル,アマツ,通行手形を所持,通行手形,,渡航費10kz,,,,,,
ama_fild01,アマツフィールド 01,あまつふぃーるど 01,0,1,,,0,0,73,Higher than the sun,ローカル,アマツ,,,,渡航費10kz,,,,"水場：○,ヒドラは固定湧き",,
ayothaya,アユタヤ,あゆたや,1,1,alberta,,0,0,81,Thai Orchid,ローカル,アユタヤ,,,,渡航費10kz,,,,水場：○,,
ayo_dun01,アユタヤダンジョン 01（古代遺跡迷宮）,あゆたやだんじょん 01（こだいいせきめいきゅう）,0,0,ayo_fild02,,1,0,82,Muay Thai King,ローカル,アユタヤ,(強化された)神聖な糸巻きを所持,アユタヤダンジョン(途中まで),,渡航費10kz,,,,入口への強制移動エリアあり,,
ayo_dun02,アユタヤダンジョン 02（古代遺跡内部）,あゆたやだんじょん 02（こだいいせきないぶ）,0,0,ayo_fild02,,1,0,82,Muay Thai King,ローカル,アユタヤ,強化された神聖な糸巻きを所持,アユタヤダンジョン(途中まで),,渡航費10kz,,,,,,
ayo_fild01,アユタヤフィールド 01,あゆたやふぃーるど 01,0,1,,,0,0,81,Thai Orchid,ローカル,アユタヤ,,,,渡航費10kz,,,,,,
ayo_fild02,アユタヤフィールド 02,あゆたやふぃーるど 02,0,0,,ayo_dun01,0,0,81,Thai Orchid,ローカル,アユタヤ,(強化された)神聖な糸巻きを所持,アユタヤダンジョン(途中まで),,渡航費10kz,,,,水場：○,,
anthell01,蟻地獄ダンジョン B1F,ありじごくだんじょん B1F,0,0,cmd_fild08,,1,0,46,An Ant-lion's Pit,ルーンミッドガッツ王国,モロク地方,,,,,,,,,,
anthell02,蟻地獄ダンジョン B2F,ありじごくだんじょん B2F,0,0,cmd_fild08,,1,0,46,An Ant-lion's Pit,ルーンミッドガッツ王国,モロク地方,,,,,,,,テレポ解禁,,
arena_room,アリーナ待機室,ありーなたいきしつ,0,0,izlude,"force_2-1,force_3-1,force_5-1",2,0,52,Ready~,ルーンミッドガッツ王国,プロンテラ地方,,,,,,,,,,
alde_gld,アルデバラン衛星都市ルイーナ,あるでばらんえいせいとしるいーな,0,1,,"gld_dun02,turbo_room",0,0,66,Wanna Be Free!!,シュバルツバルド共和国,アルデバラン地方,,,,,,,,,,
alde_dun01,アルデバラン時計塔地下 1F,あるでばらんとけいとうちか 1F,0,0,aldebaran,,1,0,61,Zingaro,シュバルツバルド共和国,アルデバラン地方,,,,,,,,,,
alde_dun02,アルデバラン時計塔地下 2F,あるでばらんとけいとうちか 2F,0,0,aldebaran,,1,0,61,Zingaro,シュバルツバルド共和国,アルデバラン地方,,,,,,,,,廃屋,はいおく
alde_dun03,アルデバラン時計塔地下 3F,あるでばらんとけいとうちか 3F,0,0,aldebaran,,1,0,61,Zingaro,シュバルツバルド共和国,アルデバラン地方,,,,,,,,水場：○,ペノ池,ぺのいけ
alde_dun04,アルデバラン時計塔地下 4F,あるでばらんとけいとうちか 4F,0,0,aldebaran,,1,0,61,Zingaro,シュバルツバルド共和国,アルデバラン地方,,,,時計塔地下のカギ,,,,,婆園,ばばぞの
c_tower1,アルデバラン時計塔地上 1F,あるでばらんとけいとうちじょう 1F,0,0,aldebaran,"c_tower1_,c_tower2_,c_tower3_,c_tower4_",1,0,60,Aeon,シュバルツバルド共和国,アルデバラン地方,,,,,,,,,,
c_tower2,アルデバラン時計塔地上 2F,あるでばらんとけいとうちじょう 2F,0,0,aldebaran,,1,0,60,Aeon,シュバルツバルド共和国,アルデバラン地方,,,,,,,,,クロック,くろっく
c_tower3,アルデバラン時計塔地上 3F,あるでばらんとけいとうちじょう 3F,0,0,aldebaran,,1,0,60,Aeon,シュバルツバルド共和国,アルデバラン地方,,,,,,,,,アラーム,あらーむ
c_tower4,アルデバラン時計塔地上 4F,あるでばらんとけいとうちじょう 4F,0,0,aldebaran,,1,0,60,Aeon,シュバルツバルド共和国,アルデバラン地方,,,,時計塔のカギ,,,,,,
rachel,アルナベルツ教国首都 ラヘル,あるなべるつきょうだんしゅと らへる,1,1,,,0,0,94,Theme of Rael,アルナベルツ教国,ラヘル地方,,,,,,,,モンスター出現条件：神器イベント「ヴァルキリーの贈り物」、5mおきに計12回に分けて,,
nyd_dun01,イグドラシル中心部 01,いぐどらしるちゅうしんぶ 01,0,0,spl_fild01,,1,0,129,Fireflies Heaven,異世界,妖精側,,,,,,,,,,
nyd_dun02,イグドラシル中心部 02,いぐどらしるちゅうしんぶ 02,0,0,spl_fild01,1@nyd,1,0,129,Fireflies Heaven,異世界,妖精側,,,,,,,,テレポ禁止,,
dew_dun02,イスタナ洞窟,いすたなどうくつ,0,0,dew_fild01,,1,0,144,Silent Voyage,ローカル,デワタ,,,,渡航費10kz,,,,,,
iz_dun04,イズルード海底神殿,いずるーどかいていしんでん,0,0,izlu2dun,,1,0,49,Watery Grave,ルーンミッドガッツ王国,プロンテラ地方,,,,渡航費150z,,,,,,
iz_dun00,イズルード海底洞窟 1層,いずるーどかいていどうくつ 1そう,0,0,izlu2dun,,1,0,29,Be Nice 'n Easy,ルーンミッドガッツ王国,プロンテラ地方,,,,渡航費150z,,,,水場：○,,
iz_dun01,イズルード海底洞窟 2層,いずるーどかいていどうくつ 2そう,0,0,izlu2dun,,1,0,29,Be Nice 'n Easy,ルーンミッドガッツ王国,プロンテラ地方,,,,渡航費150z,,,,水場：○,,
iz_dun02,イズルード海底洞窟 3層,いずるーどかいていどうくつ 3そう,0,0,izlu2dun,,1,0,29,Be Nice 'n Easy,ルーンミッドガッツ王国,プロンテラ地方,,,,渡航費150z,,,,水場：○,,
iz_dun03,イズルード海底洞窟 4層,いずるーどかいていどうくつ 4そう,0,0,izlu2dun,,1,0,49,Watery Grave,ルーンミッドガッツ王国,プロンテラ地方,,,,渡航費150z,,,,,,
iz_dun05,イズルード海底都市,いずるーどかいていとし,0,0,izlu2dun,,1,0,49,Watery Grave,ルーンミッドガッツ王国,プロンテラ地方,Lv.100～,,,渡航費150z,,,,,,
1@gl_k,古の騎士団01,いにしえのきしだん01,0,0,glast_01,,2,0,,,ルーンミッドガッツ王国,グラストヘイム,Lv.130～,,1～,,1h,入場してから1回目のAM5:00,不可,1回クリアで会話短縮可,GHMD,GHMD
2@gl_k,古の騎士団02,いにしえのきしだん02,0,0,glast_01,,2,0,,,ルーンミッドガッツ王国,グラストヘイム,Lv.130～,,1～,,1h,入場してから1回目のAM5:00,不可,1回クリアで会話短縮可,GHMD,GHMD
prt_gld,ヴァルキリーレルム,ヴぁるきりーれるむ,0,1,prontera,gld_dun03,0,0,66,Wanna Be Free!!,ルーンミッドガッツ王国,プロンテラ地方,,,,,,,,,,
aru_gld,ヴァルフレイヤ,ヴぁるふれいや,0,1,,arug_dun01,0,0,,,アルナベルツ教国,ラヘル地方,,,,,,,,,,
ver_tunn,ウェルス外郭トンネル,うぇるすがいかくとんねる,0,0,,,0,0,89,We have Lee but you don't have,シュバルツバルド共和国,ウェルス,,,,,,,,,,
verus03,ウェルス中央広場,うぇるすちゅうおうひろば,0,0,,,0,0,164,From the Grave,シュバルツバルド共和国,ウェルス,,,,,,,,,,
verus04,ウェルス発掘地,うぇるすはっくつち,1,1,,1@mcd,0,0,164,From the Grave,シュバルツバルド共和国,ウェルス,,,,,,,,,,
slabw01_jp,ヴェルナー研究所 C棟,ヴぇるなーけんきゅうしょ Cれん,0,0,,,1,0,,,ローカル,ヴェルナー研究所,,,,,,,,,,
1@pac,恨みの淵(回廊),うらみのふち（かいろう）,0,0,pab_dun03,,2,0,162,Dark Light,ルーンミッドガッツ王国,深淵の回廊,実装期間中のみ(不定期),,1～,,1h,2h,可,"不定期実装,デスペナ無し",,
um_dun01,ウンバラダンジョン 01（大樹の道）,うんばらだんじょん 01（たいじゅのみち）,0,0,,,1,1,69,Retro Metro,ルーンミッドガッツ王国,ウンバラ地方,,,,,,,,,,
um_dun02,ウンバラダンジョン 02（深奥の密林）,うんばらだんじょん 02（しんおうのみつりん）,0,0,,,1,1,69,Retro Metro,ルーンミッドガッツ王国,ウンバラ地方,,,,,,,,,,
um_fild01,ウンバラフィールド 01（ルルカ森）,うんばらふぃーるど 01（るるかもり）,0,1,,,0,0,78,adios,ルーンミッドガッツ王国,ウンバラ地方,,,,,,,,水場：○,,
um_fild02,ウンバラフィールド 02（フムガ森）,うんばらふぃーるど 02（ふむがもり）,0,1,,,0,0,78,adios,ルーンミッドガッツ王国,ウンバラ地方,,,,,,,,草とフローラは固定湧き,,
um_fild03,ウンバラフィールド 03（カララ沼）,うんばらふぃーるど 03（かららぬま）,0,1,,,0,0,78,adios,ルーンミッドガッツ王国,ウンバラ地方,,,,,,,,水場：○,,
um_fild04,ウンバラフィールド 04（フムガジャングル）,うんばらふぃーるど 04（ふむがじゃんぐる）,0,1,,,0,0,78,adios,ルーンミッドガッツ王国,ウンバラ地方,,,,,,,,,,
umbala,ウータン族の村ウンバラ,うーたんぞくのむらうんばら,1,1,,,0,0,68,Jazzy Funky Sweety,ルーンミッドガッツ王国,ウンバラ地方,,,,,,,,水場：○,,
que_avan01,エイヴァント研究室,えいヴぁんとけんきゅうしつ,0,0,eclage,,2,0,,,異世界,妖精側,エクラージュの王進行中のみ,,ソロPT,,5m,,不可,,,
1@w_o_c,永劫の戦,えいごうのいくさ,0,0,t_crack,,2,0,989,Wanna Be Free!!,コラボ,LoVA,Lv.9～,,1～,,25m(15m),3h,不可,報酬の再受取り：前回の受取り後2回目のAM5時以降,LoVA,
2@w_o_c,永劫の戦,えいごうのいくさ,0,0,t_crack,,2,0,989,Wanna Be Free!!,コラボ,LoVA,Lv.9～,,1～,,25m(15m),3h,不可,報酬の再受取り：前回の受取り後2回目のAM5時以降,LoVA,
3@w_o_c,永劫の戦,えいごうのいくさ,0,0,t_crack,,2,0,990,Monastery In Disguise,コラボ,LoVA,Lv.9～,,1～,,25m(15m),3h,不可,報酬の再受取り：前回の受取り後2回目のAM5時以降,LoVA,
izlude,衛星都市イズルード,えいせいとしいずるーど,1,1,,"airplane_01,arena_room,tra_hall",0,0,26,Everlasting Wanderers,ルーンミッドガッツ王国,プロンテラ地方,,,,,,,,,,
1@ecl,エクラージュ 内部,えくらーじゅ ないぶ,0,0,eclage,,2,0,,,異世界,妖精側,エクラージュの王進行中のみ,,ソロPT,,20m,,不可,,,
mbt_a,エリアA 集合地点,えりあA しゅうごうちてん,0,0,,monbt1_a0,2,0,52,Ready~,ルーンミッドガッツ王国,モンスターハウス,,,,,,,,"入口：各人族の町・マラン島・モーラ,初級,突撃隊街転送員で他(A～P)の集合地点に移動可",,
mbt_d,エリアD 集合地点,えりあD しゅうごうちてん,0,0,,monbt1_d0,2,0,52,Ready~,ルーンミッドガッツ王国,モンスターハウス,,,,,,,,"入口：各人族の町・マラン島・モーラ,中級,突撃隊街転送員で他(A～P)の集合地点に移動可",,
mbt_i,エリアI 集合地点,えりあI しゅうごうちてん,0,0,,monbt1_i0,2,0,52,Ready~,ルーンミッドガッツ王国,モンスターハウス,,,,,,,,"入口：各人族の町・マラン島・モーラ,上級,突撃隊街転送員で他(A～P)の集合地点に移動可",,
1@tower,エンドレスタワー 1層（1〜25F）,えんどれすたわー 1そう（1〜25F）,0,0,,,2,0,125,Forbidden Anguish,ローカル,エンドレスタワー,Lv.50～,,1～,渡航費10kz,4h,入場してから1回目の火曜日の正午,不可,,ET,ET
2@tower,エンドレスタワー 2層（26〜50F）,えんどれすたわー 2そう（26〜50F）,0,0,,,2,0,125,Forbidden Anguish,ローカル,エンドレスタワー,Lv.50～,,1～,渡航費10kz,4h,入場してから1回目の火曜日の正午,不可,,ET,ET
3@tower,エンドレスタワー 3層（51〜75F）,えんどれすたわー 3そう（51〜75F）,0,0,,,2,0,125,Forbidden Anguish,ローカル,エンドレスタワー,Lv.50～,,1～,渡航費10kz,4h,入場してから1回目の火曜日の正午,不可,,ET,ET
4@tower,エンドレスタワー 4層（76〜99F）,えんどれすたわー 4そう（76〜99F）,0,0,,,2,0,125,Forbidden Anguish,ローカル,エンドレスタワー,Lv.50～,,1～,渡航費10kz,4h,入場してから1回目の火曜日の正午,不可,,ET,ET
5@tower,エンドレスタワー 5層（100F）,えんどれすたわー 5そう（100F）,0,0,,,2,0,125,Forbidden Anguish,ローカル,エンドレスタワー,Lv.50～,,1～,渡航費10kz,4h,入場してから1回目の火曜日の正午,不可,,ET,ET
6@tower,エンドレスタワー 覇王の間,えんどれすたわー はおうのま,0,0,,,2,0,125,Forbidden Anguish,ローカル,エンドレスタワー,Lv.50～,,1～,渡航費10kz,4h,入場してから1回目の火曜日の正午,不可,,ET,ET
mosk_dun03,奥深い森,おくぶかいもり,0,0,,,0,0,116,Away from Home,ローカル,モスコビア,グスリ装備,クジラ島を訪ねて,,渡航費10kz,,,,,,
tra_hall,お試し道場,おためしどうじょう,0,0,izlude,,2,0,38,Hamatan,ルーンミッドガッツ王国,プロンテラ地方,,,,BaseLv.×300z,,,,,,
xmas_dun01,おもちゃ工場ダンジョン 01（倉庫）,おもちゃこうじょうだんじょん 01（そうこ）,0,0,xmas,,1,0,58,Jingle Bell on Ragnarok,ローカル,ルティエ,,,,,,,,,玩具,がんぐ
xmas_dun02,おもちゃ工場ダンジョン 02（分類所）,おもちゃこうじょうだんじょん 02（ぶんるいしょ）,0,0,xmas,,1,0,58,Jingle Bell on Ragnarok,ローカル,ルティエ,,,,,,,,,玩具,がんぐ
orcsdun01,オーク地下洞窟 01,おーくちかどうくつ 01,0,0,gef_fild10,,1,0,48,Help Yourself,ルーンミッドガッツ王国,ゲフェン地方,,,,,,,,,OD,OD
1@orcs,オーク地下洞窟 01（過去）,おーくちかどうくつ 01（かこ）,0,0,gef_fild10,,2,0,48,Help Yourself,ルーンミッドガッツ王国,ゲフェン地方,Lv.30～80,,1～,,1h,入場してから1回目のAM5:00,不可,,,
orcsdun02,オーク地下洞窟 02,おーくちかどうくつ 02,0,0,gef_fild10,,1,0,48,Help Yourself,ルーンミッドガッツ王国,ゲフェン地方,,,,,,,,,OD,OD
2@orcs,オーク地下洞窟 02（過去）,おーくちかどうくつ 02（かこ）,0,0,gef_fild10,,2,0,48,Help Yourself,ルーンミッドガッツ王国,ゲフェン地方,Lv.30～80,,1～,,1h,入場してから1回目のAM5:00,不可,,,
odin_tem01,オーディン神殿 01,おーでぃんしんでん 01,0,0,hugel,,0,0,110,Kingdom Memories,シュバルツバルド共和国,フィゲル地方,,,,渡航費800z,,,,,おでん,おでん
odin_tem02,オーディン神殿 02,おーでぃんしんでん 02,0,0,,,0,0,110,Kingdom Memories,シュバルツバルド共和国,フィゲル地方,,,,渡航費800z,,,,,おでん,おでん
odin_tem03,オーディン神殿 03,おーでぃんしんでん 03,0,0,,,0,0,110,Kingdom Memories,シュバルツバルド共和国,フィゲル地方,,,,渡航費800z,,,,,おでん,おでん
gon_test,格闘場,かくとうじょう,0,0,gonryun,,2,0,75,"Come, and Get it!",ローカル,コンロン,,,,渡航費10kz,,,,見学可能,,
1@glast,過去のグラストヘイム,かこのぐらすとへいむ,0,0,dali02,,2,0,"42,44,147","Curse'n Pain,TeMP it Up,Octopus Scramble",異世界,時の通路,Lv.120～,,1～,,1h,入場してから1回目のAM5:00,不可,"復路の制限時間5m,1回クリアで会話短縮可",,
te_alde_gld,カプラガーデン,かぷらがーでん,0,1,alde_gld,teg_dun02,2,0,66,Wanna Be Free!!,シュバルツバルド共和国,アルデバラン地方,,,,,,,,,,
dic_fild01,カミダル山麓 01,かみだるさんろく 01,0,0,"dic_dun01,dicastes01",,0,0,138,TeMPlatonic,異世界,巨人側,,,,,,,,,,
dic_fild02,カミダル山麓 02,かみだるさんろく 02,0,0,,dali,0,0,138,TeMPlatonic,異世界,巨人側,,,,,,,,,,
dic_dun01,カミダルトンネル,かみだるとんねる,0,0,"manuk,dic_fild01","dic_dun02,dic_dun03",0,0,136,Emotion Creep,異世界,巨人側,,,,,,,,NPCとの会話は要知恵の王の指輪,,
kh_kiehl01,キエルの部屋 01,きえるのへや 01,0,0,lighthalzen,,2,0,89,We have Lee but you don't have,シュバルツバルド共和国,リヒタルゼン地方,キル・ハイル進行中のPCがゲートを開く,,,,,,,"テレポ禁止,デスペナ無し",,
kh_kiehl02,キエルの部屋 02,きえるのへや 02,0,0,lighthalzen,,2,0,86,Steel Me,シュバルツバルド共和国,リヒタルゼン地方,キル・ハイル進行中のPCがゲートを開く,,,,20m,,,"テレポ禁止,デスペナ無し",,
kh_dun01,機械人形工場 B1F,きかいにんぎょうこうじょう B1F,0,0,yuno_fild08,,1,0,92,Naive Rave,シュバルツバルド共和国,ジュノー地方,虹色のカードキー所持,キル・ハイル(途中まで),,,,,,テレポ禁止,,
kh_dun02,機械人形工場 B2F,きかいにんぎょうこうじょう B2F,0,0,yuno_fild08,,1,0,92,Naive Rave,シュバルツバルド共和国,ジュノー地方,虹色のカードキー所持,キル・ハイル,,,,,,,,
lighthalzen,企業都市リヒタルゼン,きぎょうとしりひたるぜん,1,0,,"lhz_dun01,lhz_dun02,lhz_dun_n,kh_kiehl01",0,0,90,Noblesse Oblige,シュバルツバルド共和国,リヒタルゼン地方,,,,,,,,テレポ禁止,,
payon_p,旧フェイヨン,きゅうふぇいよん,1,1,,,0,0,14,Theme of Payon,ルーンミッドガッツ王国,フェイヨン地方,,,,,,,,カンパネラ(105-114)で新旧切り替え可,,
veins,峡谷都市ベインス,きょうこくとしべいんす,1,1,,,0,0,104,On Your Way Back,アルナベルツ教国,ベインス地方,,,,,,,,視点解放,,
que_qaru01,虚像のオーコルニル,きょぞうのおーこるにる,0,0,,,1,0,,,アルナベルツ教国,ラヘル地方,新神器作成クエ中のみ,,,,,,,,,
que_qaru02,虚像のオーコルニル,きょぞうのおーこるにる,0,0,,,1,0,,,アルナベルツ教国,ラヘル地方,新神器作成クエ中のみ,,,,,,,,,
que_qaru03,虚像のオーコルニル,きょぞうのおーこるにる,0,0,,,1,0,,,アルナベルツ教国,ラヘル地方,新神器作成クエ中のみ,,,,,,,,,
que_qaru04,虚像のオーコルニル,きょぞうのおーこるにる,0,0,,,1,0,,,アルナベルツ教国,ラヘル地方,新神器作成クエ中のみ,,,,,,,,,
que_qaru05,虚像のオーコルニル,きょぞうのおーこるにる,0,0,,,1,0,,,アルナベルツ教国,ラヘル地方,新神器作成クエ中のみ,,,,,,,,,
que_qsch01,虚像のオーコルニル,きょぞうのおーこるにる,0,0,,,1,0,,,シュバルツバルド共和国,ジュノー地方,新神器作成クエ中のみ,,,,,,,,,
que_qsch02,虚像のオーコルニル,きょぞうのおーこるにる,0,0,,,1,0,,,シュバルツバルド共和国,ジュノー地方,新神器作成クエ中のみ,,,,,,,,,
que_qsch03,虚像のオーコルニル,きょぞうのおーこるにる,0,0,,,1,0,,,シュバルツバルド共和国,ジュノー地方,新神器作成クエ中のみ,,,,,,,,,
que_qsch04,虚像のオーコルニル,きょぞうのおーこるにる,0,0,,,1,0,,,シュバルツバルド共和国,ジュノー地方,新神器作成クエ中のみ,,,,,,,,,
que_qsch05,虚像のオーコルニル,きょぞうのおーこるにる,0,0,,,1,0,,,シュバルツバルド共和国,ジュノー地方,新神器作成クエ中のみ,,,,,,,,,
1@mist,霧の森,きりのもり,0,0,bif_fild01,,2,0,141,Tricky Cheeky,異世界,妖精側,,異世界,1～,,2h,2.5h,可,,,
gld_dun02,ギルドダンジョン アルデバラン,ぎるどだんじょん あるでばらん,0,0,alde_gld,,2,0,,,シュバルツバルド共和国,アルデバラン地方,砦所持,,,,,,,,,
arug_dun01,ギルドダンジョン アルナベルツ,ぎるどだんじょん あるなべるつ,0,0,aru_gld,,2,0,,,アルナベルツ教国,ラヘル地方,砦所持,,,,,,,,,
teg_dun02,ギルドダンジョン カプラガーデン,ぎるどだんじょん かぷらがーでん,0,0,te_alde_gld,,2,0,,,シュバルツバルド共和国,アルデバラン地方,砦所持,,,,,,,,,
teg_dun01,ギルドダンジョン グロリア,ぎるどだんじょん ぐろりあ,0,0,te_prt_gld,,2,0,,,ルーンミッドガッツ王国,プロンテラ地方,砦所持,,,,,,,,,
gld_dun04,ギルドダンジョン ゲフェン,ぎるどだんじょん げふぇん,0,0,gef_fild13,,2,0,,,ルーンミッドガッツ王国,ゲフェン地方,砦所持,,,,,,,,,
schg_dun01,ギルドダンジョン シュバルツバルド,ぎるどだんじょん しゅばるつばるど,0,0,sch_gld,,2,0,,,シュバルツバルド共和国,ジュノー地方,砦所持,,,,,,,,,
gld_dun01,ギルドダンジョン フェイヨン,ぎるどだんじょん ふぇいよん,0,0,pay_gld,,2,0,,,ルーンミッドガッツ王国,フェイヨン地方,砦所持,,,,,,,,,
gld_dun03,ギルドダンジョン プロンテラ,ぎるどだんじょん ぷろんてら,0,0,prt_gld,,2,0,,,ルーンミッドガッツ王国,プロンテラ地方,砦所持,,,,,,,,,
rockrdg1,キワワ砂漠 01,きわわさばく 01,0,0,,,0,0,,,ルーンミッドガッツ王国,アルベルタ地方,,,,,,,,,,
rockrdg2,キワワ砂漠 02,きわわさばく 02,0,0,,"rockmi1,rockmi3",0,0,,,ルーンミッドガッツ王国,アルベルタ地方,,,,,,,,,,
1@lhz,禁忌の研究所,きんきのけんきゅうじょ,0,0,lhz_dun04,,2,0,,,シュバルツバルド共和国,リヒタルゼン地方,Lv.95～（転生90～）,レッケンベル社の噂(途中まで),1～,,4h,入場してから3回目のAM5:00,不可,,生体,せいたい
mosk_fild01,クジラ島,くじらとう,0,0,,,0,0,117,Dream of a Whale,ローカル,モスコビア,グスリ装備,クジラ島を訪ねて,,渡航費10kz,,,,,,
dew_dun01,クラカト火山,くらかとかざん,0,0,dewata,,0,0,144,Silent Voyage,ローカル,デワタ,,ジャティ族の王冠(途中まで),,渡航費10kz,,,,,,
gl_step,グラストヘイム 階段ダンジョン,ぐらすとへいむ かいだんだんじょん,0,0,glast_01,,1,0,42,Curse'n Pain,ルーンミッドガッツ王国,グラストヘイム,,,,,,,,,,
gl_chyard,グラストヘイム カタコンベ,ぐらすとへいむ かたこんべ,0,0,glast_01,,1,0,40,Fear...,ルーンミッドガッツ王国,グラストヘイム,,,,,,,,,,
gl_knt01,グラストヘイム 騎士団内01,ぐらすとへいむ きしだんない01,0,0,glast_01,,1,0,44,TeMP it Up,ルーンミッドガッツ王国,グラストヘイム,,,,,,,,,,
gl_knt02,グラストヘイム 騎士団内02,ぐらすとへいむ きしだんない02,0,0,glast_01,,1,0,44,TeMP it Up,ルーンミッドガッツ王国,グラストヘイム,,,,,,,,,,
glast_01,グラストヘイム 古城,ぐらすとへいむ こじょう,0,1,gef_fild06,"gl_step,gl_knt01,gl_cas01,gl_church,gl_chyard_,gl_cas02_,1@gl_k",1,0,42,Curse'n Pain,ルーンミッドガッツ王国,グラストヘイム,,,,,,,,,,
glast_01,グラストヘイム 古城,ぐらすとへいむ こじょう,0,1,gef_fild06,"gl_step,gl_knt01,gl_cas01,gl_church,gl_chyard_,gl_cas02_,1@gl_k",0,0,42,Curse'n Pain,ルーンミッドガッツ王国,ゲフェン地方,,,,,,,,,,
gl_cas01,グラストヘイム 古城1F,ぐらすとへいむ こじょう1F,0,0,glast_01,,1,0,43,Morning Gloomy,ルーンミッドガッツ王国,グラストヘイム,,,,,,,,,,
gl_cas02,グラストヘイム 古城2F,ぐらすとへいむ こじょう2F,0,0,glast_01,,1,0,43,Morning Gloomy,ルーンミッドガッツ王国,グラストヘイム,,,,,,,,,,
gl_in01,グラストヘイム 室内01,ぐらすとへいむ しつない01,0,0,glast_01,,1,0,42,Curse'n Pain,ルーンミッドガッツ王国,グラストヘイム,,,,,,,,,,
gl_church,グラストヘイム 修道院,ぐらすとへいむ しゅうどういん,0,0,glast_01,,1,0,40,Fear...,ルーンミッドガッツ王国,グラストヘイム,,,,,,,,,,
gl_prison,グラストヘイム 地下監獄00,ぐらすとへいむ ちかかんごく00,0,0,glast_01,,1,0,40,Fear...,ルーンミッドガッツ王国,グラストヘイム,,,,,,,,,,
gl_prison1,グラストヘイム 地下監獄01,ぐらすとへいむ ちかかんごく01,0,0,glast_01,,1,0,40,Fear...,ルーンミッドガッツ王国,グラストヘイム,,,,,,,,,,
gl_dun01,グラストヘイム 最下層地下洞窟01,ぐらすとへいむ ちかそうちかどうくつ01,0,0,glast_01,,1,0,42,Curse'n Pain,ルーンミッドガッツ王国,グラストヘイム,,,,,,,,,,
gl_dun02,グラストヘイム 最下層地下洞窟02,ぐらすとへいむ ちかそうちかどうくつ02,0,0,glast_01,,1,0,42,Curse'n Pain,ルーンミッドガッツ王国,グラストヘイム,,,,,,,,,ごつミノ,ごつみの
gl_sew01,グラストヘイム地下水路 01,ぐらすとへいむちかすいろ 01,0,0,glast_01,,1,0,48,Help Yourself,ルーンミッドガッツ王国,グラストヘイム,,,,,,,,水場：○,,
gl_sew02,グラストヘイム地下水路 02,ぐらすとへいむちかすいろ 02,0,0,glast_01,,1,0,48,Help Yourself,ルーンミッドガッツ王国,グラストヘイム,,,,,,,,水場：○,,
gl_sew03,グラストヘイム地下水路 03,ぐらすとへいむちかすいろ 03,0,0,glast_01,,1,0,48,Help Yourself,ルーンミッドガッツ王国,グラストヘイム,,,,,,,,水場：○,窓手,まどて
gl_sew04,グラストヘイム地下水路 04,ぐらすとへいむちかすいろ 04,0,0,glast_01,,1,0,48,Help Yourself,ルーンミッドガッツ王国,グラストヘイム,,,,,,,,水場：○,,
te_prt_gld,グロリア,ぐろりあ,0,1,prt_gld,teg_dun01,2,0,66,Wanna Be Free!!,ルーンミッドガッツ王国,プロンテラ地方,砦所持,,,,,,,,,
gefenia01,ゲフェニア 01,げふぇにあ 01,0,0,geffen,,1,0,44,TeMP it Up,ルーンミッドガッツ王国,ゲフェン地方,魔王の嘆きを所持しゲートを開く,,,,,,,,,
gefenia02,ゲフェニア 02,げふぇにあ 02,0,0,geffen,,1,0,44,TeMP it Up,ルーンミッドガッツ王国,ゲフェン地方,魔王の嘆きを所持しゲートを開く,,,,,,,,,
gefenia03,ゲフェニア 03,げふぇにあ 03,0,0,geffen,,1,0,44,TeMP it Up,ルーンミッドガッツ王国,ゲフェン地方,魔王の嘆きを所持しゲートを開く,,,,,,,,,
gefenia04,ゲフェニア 04,げふぇにあ 04,0,0,geffen,,1,0,44,TeMP it Up,ルーンミッドガッツ王国,ゲフェン地方,魔王の嘆きを所持しゲートを開く,,,,,,,,,
gef_dun00,ゲフェン地下ダンジョン B1F,げふぇんちかだんじょん B1F,0,0,geffen,,1,0,21,Through the tower,ルーンミッドガッツ王国,ゲフェン地方,,,,,,,,,GD,GD
gef_dun01,ゲフェン地下ダンジョン B2F,げふぇんちかだんじょん B2F,0,0,geffen,,1,0,21,Through the tower,ルーンミッドガッツ王国,ゲフェン地方,,,,,,,,,GD,GD
gef_dun02,ゲフェン地下ダンジョン B3F,げふぇんちかだんじょん B3F,0,0,geffen,,1,0,50,Out of Curiosity,ルーンミッドガッツ王国,ゲフェン地方,,,,,,,,,GD,GD
gef_dun03,ゲフェン地下ダンジョン B4F,げふぇんちかだんじょん B4F,0,0,gef_fild09,,2,0,50,Out of Curiosity,ルーンミッドガッツ王国,ゲフェン地方,ヘリオン進行中のみ,,,,,,,,GD,GD
gef_fild00,ゲフェンフィールド 00,げふぇんふぃーるど 00,0,1,,,0,0,25,Plateau,ルーンミッドガッツ王国,ゲフェン地方,,,,,,,,水場：○,,
gef_fild01,ゲフェンフィールド 01,げふぇんふぃーるど 01,0,1,,,0,0,23,Travel,ルーンミッドガッツ王国,ゲフェン地方,,,,,,,,水場：○,,
gef_fild02,ゲフェンフィールド 02,げふぇんふぃーるど 02,0,1,,,0,0,35,TeMPoison,ルーンミッドガッツ王国,ゲフェン地方,,,,,,,,水場：○,,
gef_fild03,ゲフェンフィールド 03,げふぇんふぃーるど 03,0,1,,,0,0,35,TeMPoison,ルーンミッドガッツ王国,ゲフェン地方,,,,,,,,,,
gef_fild04,ゲフェンフィールド 04,げふぇんふぃーるど 04,0,1,,,0,0,25,Plateau,ルーンミッドガッツ王国,ゲフェン地方,,,,,,,,,,
gef_fild05,ゲフェンフィールド 05,げふぇんふぃーるど 05,0,1,,,0,0,23,Travel,ルーンミッドガッツ王国,ゲフェン地方,,,,,,,,,,
gef_fild06,ゲフェンフィールド 06,げふぇんふぃーるど 06,0,1,,,0,0,23,Travel,ルーンミッドガッツ王国,ゲフェン地方,,,,,,,,,,
gef_fild07,ゲフェンフィールド 07,げふぇんふぃーるど 07,0,1,,,0,0,25,Plateau,ルーンミッドガッツ王国,ゲフェン地方,,,,,,,,,,
gef_fild08,ゲフェンフィールド 08,げふぇんふぃーるど 08,0,1,,,0,0,23,Travel,ルーンミッドガッツ王国,ゲフェン地方,,,,,,,,,,
gef_fild09,ゲフェンフィールド 09,げふぇんふぃーるど 09,0,1,,gef_dun03,0,0,23,Travel,ルーンミッドガッツ王国,ゲフェン地方,,,,,,,,,,
gef_fild10,ゲフェンフィールド 10,げふぇんふぃーるど 10,0,1,,"orcsdun01,orcsdun02,1@orcs",0,0,35,TeMPoison,ルーンミッドガッツ王国,ゲフェン地方,,,,,,,,在カプラ,兄貴村,あにきむら
gef_fild11,ゲフェンフィールド 11,げふぇんふぃーるど 11,0,1,,,0,0,4,I miss you,ルーンミッドガッツ王国,ゲフェン地方,,,,,,,,,,
gef_fild12,ゲフェンフィールド 12（コードの森）,げふぇんふぃーるど 12（こーどのもり）,0,0,,,0,1,64,One Fine Day,ルーンミッドガッツ王国,ゲフェン地方,,,,,,,,,,
gef_fild13,ゲフェンフィールド 13（ブリトニア）,げふぇんふぃーるど 13（ぶりとにあ）,0,1,,gld_dun04,0,0,66,Wanna Be Free!!,ルーンミッドガッツ王国,ゲフェン地方,,,,,,,,,,
gef_fild14,ゲフェンフィールド 14（オーク西の村）,げふぇんふぃーるど 14（おーくにしのむら）,0,0,,,0,1,64,One Fine Day,ルーンミッドガッツ王国,ゲフェン地方,,,,,,,,,,
1@gef,ゲフェン魔法大会,げふぇんまほうたいかい,0,0,dali,,2,0,13,Theme of Geffen,異世界,時の通路,Lv.90～,,ソロPT,,2h,入場してから1回目のAM5:00,不可,在カプラ,,
1@ge_st,ゲフェン魔法大会,げふぇんまほうたいかい,0,0,dali,,2,0,103,Invisible Invasion,異世界,時の通路,Lv.90～,,ソロPT,,2h,入場してから1回目のAM5:00,不可,一度勝った回次は前口上の短縮可,,
verus02,研究棟-WISH,けんきゅうとう-WISH,0,0,,,0,0,161,Forest of Despiar,シュバルツバルド共和国,ウェルス,,ファンタスマゴリカ(途中まで),,,,,,,,
comodo,幻想の島コモド,げんそうのしまこもど,1,1,,,0,0,62,High Roller Coaster,ルーンミッドガッツ王国,コモド地方,,,,,,,,水場：○,,
ein_dun01,鉱山ダンジョン 01,こうざんだんじょん 01,0,0,einbech,,1,0,88,Come in Peace,シュバルツバルド共和国,アインブロック地方,,,,,,,,,,
ein_dun02,鉱山ダンジョン 02,こうざんだんじょん 02,0,0,einbech,,1,0,88,Come in Peace,シュバルツバルド共和国,アインブロック地方,,,,,,,,,,
manuk,鉱山の街 マヌク,こうざんのまち まぬく,1,0,,dic_dun01,0,0,131,Daytime in Manuk,異世界,巨人側,,,,,,,,NPCとの会話は要知恵の王の指輪,,
einbroch,鋼鉄の都市アインブロック,こうてつのとしあいんぶろっく,1,0,,,0,0,86,Steel Me,シュバルツバルド共和国,アインブロック地方,,,,,,,,テレポ禁止,,
ice_dun01,氷の洞窟 01,こおりのどうくつ 01,0,0,ra_fild01,,1,0,96,Yetit Petit,アルナベルツ教国,ラヘル地方,,,,,,,,,,
ice_dun02,氷の洞窟 02,こおりのどうくつ 02,0,0,ra_fild01,,1,0,96,Yetit Petit,アルナベルツ教国,ラヘル地方,,,,,,,,,,
ice_dun03,氷の洞窟 03,こおりのどうくつ 03,0,0,ra_fild01,,1,0,96,Yetit Petit,アルナベルツ教国,ラヘル地方,,,,,,,,,,
aldebaran,国境都市アルデバラン,こっきょうとしあるでばらん,1,1,,"c_tower1,alde_dun01",0,0,39,Theme of Al de Baran,シュバルツバルド共和国,アルデバラン地方,,,,,,,,,,
louyang,古都 龍之城,こと りゅうのしろ,1,1,alberta,lou_dun01,0,0,79,The Great,ローカル,龍之城,,,,渡航費10kz,,,,,,
beach_dun,コモドダンジョン 01（西洞窟カル）,こもどだんじょん 01（にしどうくつかる）,0,0,,,0,0,41,Rag All Night Long,ルーンミッドガッツ王国,コモド地方,,,,,,,,,,
beach_dun2,コモドダンジョン 02（北洞窟ルワンダ）,こもどだんじょん 02（きたどうくつるわんだ）,0,0,,,0,0,41,Rag All Night Long,ルーンミッドガッツ王国,コモド地方,,,,,,,,,,
beach_dun3,コモドダンジョン 03（東洞窟マオ）,こもどだんじょん 03（ひがしどうくつまお）,0,0,,,0,0,41,Rag All Night Long,ルーンミッドガッツ王国,コモド地方,,,,,,,,,,
cmd_fild01,コモドフィールド 01（パプチカ森）,こもどふぃーるど 01（ぱぷちかもり）,0,1,,,0,0,63,Mucho Gusto,ルーンミッドガッツ王国,コモド地方,,,,,,,,水場：○,,
cmd_fild02,コモドフィールド 02（ココモビーチ）,こもどふぃーるど 02（ここもびーち）,0,1,,,0,0,63,Mucho Gusto,ルーンミッドガッツ王国,コモド地方,,,,,,,,水場：○,,
cmd_fild03,コモドフィールド 03（ジナイ沼）,こもどふぃーるど 03（じないぬま）,0,1,,,0,0,63,Mucho Gusto,ルーンミッドガッツ王国,コモド地方,,,,,,,,水場：○,,
cmd_fild04,コモドフィールド 04（ココモビーチ）,こもどふぃーるど 04（ここもびーち）,0,1,,,0,0,63,Mucho Gusto,ルーンミッドガッツ王国,コモド地方,,,,,,,,水場：○,,
cmd_fild05,コモドフィールド 05（パプチカ森境）,こもどふぃーるど 05（ぱぷちかもりさかい）,0,0,,,0,1,63,Mucho Gusto,ルーンミッドガッツ王国,コモド地方,,,,,,,,,,
cmd_fild06,コモドフィールド 06（サンダルマン要塞西）,こもどふぃーるど 06（さんだるまんようさいにし）,0,1,,,0,0,63,Mucho Gusto,ルーンミッドガッツ王国,コモド地方,,,,,,,,,,
cmd_fild07,コモドフィールド 07（ファロス燈台島）,こもどふぃーるど 07（ふぁろすとうだいとう）,0,1,,,0,0,63,Mucho Gusto,ルーンミッドガッツ王国,コモド地方,,,,,,,,在カプラ,灯台,とうだい
cmd_fild08,コモドフィールド 08（サンダルマン要塞東）,こもどふぃーるど 08（さんだるまんようさいひがし）,0,1,,"anthell01,anthell02",0,0,37,TeMPorsche,ルーンミッドガッツ王国,コモド地方,,,,,,,,,,
cmd_fild09,コモドフィールド 09（サンダルマン要塞南）,こもどふぃーるど 09（さんだるまんようさいみなみ）,0,1,,,0,0,63,Mucho Gusto,ルーンミッドガッツ王国,コモド地方,,,,,,,,,,
gon_dun01,コンロンダンジョン 01（西王母神殿）,こんろんだんじょん 01（せいおうぼしんでん）,0,0,gonryun,,1,0,75,"Come, and Get it!",ローカル,コンロン,,,,渡航費10kz,,,,,,
gon_dun02,コンロンダンジョン 02（神仙の碁盤）,こんろんだんじょん 02（しんせんのごばん）,0,0,gonryun,,1,0,75,"Come, and Get it!",ローカル,コンロン,,,,渡航費10kz,,,,,,
gon_dun03,コンロンダンジョン 03（武陵桃源）,こんろんだんじょん 03（ぶりょうとうげん）,0,0,gonryun,,1,0,75,"Come, and Get it!",ローカル,コンロン,,,,渡航費10kz,,,,,,
gon_fild01,コンロンフィールド 01,こんろんふぃーるど 01,0,1,alberta,,0,0,73,Higher than the sun,ローカル,コンロン,,,,渡航費10kz,,,,,,
einbech,採鉱の村アインベフ,さいこうのむらあいんべふ,1,0,,ein_dun01,0,0,86,Steel Me,シュバルツバルド共和国,アインブロック地方,,,,,,,,テレポ禁止,,
1@uns,最後の部屋,さいごのへや,0,0,un_bunker,,2,0,161163,"Forest of Despiar,Lost Soul",シュバルツバルド共和国,ウェルス,Lv.140～,地下遺跡アドベンチャー,1～,,1h,入場してから3回目のAM4:00,不可,,TWO,TWO
morocc,砂漠の都市モロク,さばくのとしもろく,1,1,,1@jtb,0,0,11,Theme of Morroc,ルーンミッドガッツ王国,モロク地方,,,,,,,,,,
dicastes01,サファ族の首都 エルディカスティス,さふぁぞくのしゅと えるでぃかすてぃす,0,0,,,0,0,137,Dazzling Snow,異世界,巨人側,,,,,,,,"NPCとの会話は要知恵の王の指輪装備,エルディカスティスの光で帰還スキル使用可",,
jp_ev_pro,サモンパーク,さもんぱーく,0,0,prontera,,2,0,8,Theme of Prontera,ルーンミッドガッツ王国,プロンテラ地方,,,,,,,,古木の枝使用可,枝折り,えだおり
jp_ev_mor,サモンパーク,さもんぱーく,0,0,morocc,,2,0,11,Theme of Morroc,ルーンミッドガッツ王国,モロク地方,,,,,,,,古木の枝使用可,枝折り,えだおり
jp_ev_pay,サモンパーク,さもんぱーく,0,0,payon,,2,0,14,Theme of Payon,ルーンミッドガッツ王国,フェイヨン地方,,,,,,,,古木の枝使用可,枝折り,えだおり
jp_ev_gef,サモンパーク,さもんぱーく,0,0,geffen,,2,0,13,Theme of Geffen,ルーンミッドガッツ王国,ゲフェン地方,,,,,,,,古木の枝使用可,枝折り,えだおり
jp_ev_alb,サモンパーク,さもんぱーく,0,0,alberta,,2,0,15,Theme of Alberta,ルーンミッドガッツ王国,アルベルタ地方,,,,,,,,古木の枝使用可,枝折り,えだおり
jp_ev_yun,サモンパーク,さもんぱーく,0,0,yuno,,2,0,70,Theme of Juno,シュバルツバルド共和国,ジュノー地方,,,,,,,,古木の枝使用可,枝折り,えだおり
1@sara,サラの記憶,さらのきおく,0,0,dali,,2,0,"14,37","Theme of Payon,TeMPorsche",異世界,時の通路,Lv.85～の特殊1次職、上位2次職、3次職、限界突破,,1～,,1h,入場してから1回目のAM5:00,不可,,,
payon,山岳の都市フェイヨン,さんがくのとしふぇいよん,1,1,,,0,0,14,Theme of Payon,ルーンミッドガッツ王国,フェイヨン地方,,,,,,,,,,
moc_fild22b,時空の裂け目,じくうのさけめ,0,0,"moc_fild20,mid_camp,dali",,0,0,121,Outer Breath,ルーンミッドガッツ王国,モロク地方,,異世界(途中まで),,,,,,,,
moc_fild20,次元の狭間 01,じげんのはざま 01,0,0,,moc_fild22b,0,0,120,Fissure Eruption,ルーンミッドガッツ王国,モロク地方,,,,,,,,"出口(北)：morocc,出口(西)：moc_fild01,出口(南)：moc_fild16,出口(東)：moc_fild13",,
moc_fild21,次元の狭間 02,じげんのはざま 02,0,0,,,0,1,120,Fissure Eruption,ルーンミッドガッツ王国,モロク地方,,,,,,,,,,
moc_fild22,次元の狭間 03,じげんのはざま 03,0,0,dali02,,0,0,121,Outer Breath,ルーンミッドガッツ王国,モロク地方,,,,,,,,出口は次元の狭間 01,,
dali,次元の狭間 時の通路01,じげんのはざま ときのつうろ01,0,0,"mid_camp,moc_fild22b,bif_fild01,dic_fild02,malangdo","1@sara,1@gef,1@face",0,0,60,Aeon,異世界,時の通路,,,,,,,,,,
dali02,次元の狭間 時の通路02,じげんのはざま ときのつうろ02,0,0,"mid_camp,moc_fild22b,bif_fild01,dic_fild02,malangdo","1@tnm1,1@glast,1@air1,1@spa,moc_fild22",0,0,60,Aeon,異世界,時の通路,,,,,,,,,,
niflheim,死者の街ニブルヘイム,ししゃのまちにぶるへいむ,1,0,umbala,que_sign01,0,0,84,Christmas in the 13th Month,ローカル,ニブルヘイム,,,,,,,,"ニブルヘイムバニーハット [1]装備で帰還スキル使用可,カプラ会話後SP10%消費",,
verus01,実験棟-OPTATIO,じっけんとう-OPTATIO,0,0,,"un_bunker,1@lab",0,0,161,Forest of Despiar,シュバルツバルド共和国,ウェルス,,ファンタスマゴリカ(途中まで),,,,,,,,
ac_prac_01,実習室（海岸）,じっしゅうしつ（かいがん）,0,0,"ac_cl_hall,ac_cl_area",,2,0,64,One Fine Day,ローカル,冒険者アカデミー,Lv.1～55,,,,,,,,アカデミー,あかでみー
ac_prac_03,実習室（高原）,じっしゅうしつ（こうげん）,0,0,"ac_cl_hall,ac_cl_area",,2,0,34,Pampas Upas,ローカル,冒険者アカデミー,Lv.25～55,,,,,,,,アカデミー,あかでみー
ac_prac_05,実習室（砂漠）,じっしゅうしつ（さばく）,0,0,"ac_cl_hall,ac_cl_area",,2,0,63,Mucho Gusto,ローカル,冒険者アカデミー,Lv.45～55,,,,,,,,アカデミー,あかでみー
ac_prac_02,実習室（島）,じっしゅうしつ（しま）,0,0,"ac_cl_hall,ac_cl_area",,2,0,111,Good Morning,ローカル,冒険者アカデミー,Lv.15～55,,,,,,,,アカデミー,あかでみー
ac_prac_04,実習室（炭鉱）,じっしゅうしつ（たんこう）,0,0,"ac_cl_hall,ac_cl_area",,2,0,89,We have Lee but you don't have,ローカル,冒険者アカデミー,Lv.35～55,,,,,,,,アカデミー,あかでみー
abbey01,修道院 01,しゅうどういん 01,0,0,nameless_n,,1,0,113,Monastery In Disguise,アルナベルツ教国,ベインス地方,,修道院(途中まで),,,,,,,名無し,ななし
abbey02,修道院 02,しゅうどういん 02,0,0,nameless_n,,1,0,113,Monastery In Disguise,アルナベルツ教国,ベインス地方,,修道院(途中まで),,,,,,特殊視点,名無し,ななし
abbey03,修道院 03,しゅうどういん 03,0,0,nameless_n,,1,0,113,Monastery In Disguise,アルナベルツ教国,ベインス地方,,修道院(途中まで),,,,,,,名無し,ななし
yuno_fild01,ジュノーフィールド 01（国境検問所）,じゅのーふぃーるど 01（こっきょうけんもんしょ）,0,1,,,0,0,71,Antique Cowboy,シュバルツバルド共和国,ジュノー地方,,,,,,,,,,
yuno_fild02,ジュノーフィールド 02（キル・ハイルの別荘）,じゅのーふぃーるど 02（きる・はいるのべっそう）,0,1,,,0,0,71,Antique Cowboy,シュバルツバルド共和国,ジュノー地方,,,,,,,,,,
yuno_fild03,ジュノーフィールド 03（エルメスプレート）,じゅのーふぃーるど 03（えるめすぷれーと）,0,1,,mag_dun01,0,0,72,Big Guys Love This,シュバルツバルド共和国,ジュノー地方,,,,,,,,,,
yuno_fild04,ジュノーフィールド 04（エルメスプレート）,じゅのーふぃーるど 04（えるめすぷれーと）,0,1,,,0,0,72,Big Guys Love This,シュバルツバルド共和国,ジュノー地方,,,,,,,,,,
yuno_fild05,ジュノーフィールド 05（エルメスプレート）,じゅのーふぃーるど 05（えるめすぷれーと）,0,0,,,0,1,,,シュバルツバルド共和国,ジュノー地方,,,,,,,,,,
yuno_fild06,ジュノーフィールド 06（エルメスプレート）,じゅのーふぃーるど 06（えるめすぷれーと）,0,1,,,0,0,72,Big Guys Love This,シュバルツバルド共和国,ジュノー地方,,,,,,,,,師匠,ししょう
yuno_fild07,ジュノーフィールド 07（エルメス峡谷）,じゅのーふぃーるど 07（えるめすきょうこく）,0,1,,juperos_01,0,0,72,Big Guys Love This,シュバルツバルド共和国,ジュノー地方,,,,,,,,,,
yuno_fild08,ジュノーフィールド 08（キル・ハイル学院）,じゅのーふぃーるど 08（きる・はいるがくいん）,0,1,,kh_dun01,0,0,71,Antique Cowboy,シュバルツバルド共和国,ジュノー地方,,,,,,,,,,
yuno_fild09,ジュノーフィールド 09（シュバルツバルド警備隊野営地）,じゅのーふぃーるど 09（しゅばるつばるどけいびたいやえいち）,0,1,,,0,0,71,Antique Cowboy,シュバルツバルド共和国,ジュノー地方,,,,,,,,水場：○,,
yuno_fild10,ジュノーフィールド 10,じゅのーふぃーるど 10,0,1,,,0,1,,,シュバルツバルド共和国,ジュノー地方,,,,,,,,,,
yuno_fild11,ジュノーフィールド 11,じゅのーふぃーるど 11,0,1,,,0,0,71,Antique Cowboy,シュバルツバルド共和国,ジュノー地方,,,,,,,,水場：○,,
yuno_fild12,ジュノーフィールド 12（国境検問所）,じゅのーふぃーるど 12（こっきょうけんもんしょ）,0,1,,,0,0,71,Antique Cowboy,シュバルツバルド共和国,ジュノー地方,,,,,,,,,,
yuno,シュバルツバルド共和国の首都ジュノー,しゅばるつばるどきょうわこくのしゅとじゅのー,1,0,yuno_fild04,airplane_01,0,0,70,Theme of Juno,シュバルツバルド共和国,ジュノー地方,,,,,,,,テレポ禁止,,
jupe_core,ジュピロス中心部,じゅぴろすちゅうしんぶ,0,0,yuno_fild07,,1,0,89,We have Lee but you don't have,シュバルツバルド共和国,ジュノー地方,,,,紋章の欠片4種1個ずつ,,,,,,
juperos_01,ジュピロス廃墟 01,じゅぴろすはいきょ 01,0,0,"yuno_fild07,ver_eju",,1,0,89,We have Lee but you don't have,シュバルツバルド共和国,ジュノー地方,,,,,,,,,,
juperos_02,ジュピロス廃墟 02,じゅぴろすはいきょ 02,0,0,yuno_fild07,,1,0,89,We have Lee but you don't have,シュバルツバルド共和国,ジュノー地方,,,,,,,,,,
ver_eju,ジュピロス東側,じゅぴろすひがしがわ,0,0,juperos_01,,1,0,89,We have Lee but you don't have,シュバルツバルド共和国,ウェルス,,,,,,,,,,
gonryun,神仙の島コンロン,しんせんのしまこんろん,0,1,,gon_dun01,0,0,74,Not so far away,ローカル,コンロン,,,,渡航費10kz,,,,,,
moc_prydb1,シーフギルド,しーふぎるど,0,0,moc_ruins,moc_prydn1,1,0,22,Backattack!!,ルーンミッドガッツ王国,モロク地方,,,,,,,,,,
dic_dun03,スカラバガーデン,すからばがーでん,0,0,dic_dun01,,1,0,136,Emotion Creep,異世界,巨人側,,猫耳と尻尾の男(途中まで),,スカラバの香水1個,,,,,,
dic_dun02,スカラバホール,すからばほーる,0,0,dic_dun01,,1,0,136,Emotion Creep,異世界,巨人側,,猫耳と尻尾の男(途中まで),,,,,,,,
in_sphinx1,スフィンクスダンジョン B1F,すふぃんくすだんじょん B1F,0,0,moc_fild19,,1,0,38,Hamatan,ルーンミッドガッツ王国,モロク地方,,,,,,,,,SD,SD
in_sphinx2,スフィンクスダンジョン B2F,すふぃんくすだんじょん B2F,0,0,moc_fild19,,1,0,38,Hamatan,ルーンミッドガッツ王国,モロク地方,,,,,,,,,SD,SD
in_sphinx3,スフィンクスダンジョン B3F,すふぃんくすだんじょん B3F,0,0,moc_fild19,,1,0,38,Hamatan,ルーンミッドガッツ王国,モロク地方,,,,,,,,,SD,SD
in_sphinx4,スフィンクスダンジョン B4F,すふぃんくすだんじょん B4F,0,0,moc_fild19,,1,0,38,Hamatan,ルーンミッドガッツ王国,モロク地方,,,,,,,,,SD,SD
in_sphinx5,スフィンクスダンジョン B5F,すふぃんくすだんじょん B5F,0,0,moc_fild19,,1,0,38,Hamatan,ルーンミッドガッツ王国,モロク地方,,,,,,,,,SD,SD
spl_fild01,スプレンディッドフィールド 01,すぷれんでぃっどふぃーるど 01,0,0,,nyd_dun01,0,0,128,Splendid Dreams,異世界,妖精側,,,,,,,,水場：○,,
spl_fild02,スプレンディッドフィールド 02,すぷれんでぃっどふぃーるど 02,0,0,,,0,0,128,Splendid Dreams,異世界,妖精側,,,,,,,,水場：○,ピンギ,ぴんぎ
spl_fild03,スプレンディッドフィールド 03,すぷれんでぃっどふぃーるど 03,0,0,,,0,0,128,Splendid Dreams,異世界,妖精側,,,,,,,,水場：○,ナーガ,なーが
prt_monk,聖カピトーリナ修道院,せいかぴとーりなしゅうどういん,0,1,,1@cata,0,0,28,You're in ruins,ルーンミッドガッツ王国,プロンテラ地方,,,,,,,,,,
que_lhz,生体工学研究所,せいたいこうがくけんきゅうしょ,0,0,lhz_dun03,,2,0,92,Naive Rave,シュバルツバルド共和国,リヒタルゼン地方,レッケンベル社の噂進行中のみ,,,,,,,,,
lhz_dun01,生体工学研究所 01,せいたいこうがくけんきゅうしょ 01,0,0,lighthalzen,,1,0,92,Naive Rave,シュバルツバルド共和国,リヒタルゼン地方,,生体工学研究所侵入,,,,,,,リムーバ,りむーば
lhz_dun02,生体工学研究所 02,せいたいこうがくけんきゅうしょ 02,0,0,lighthalzen,,1,0,92,Naive Rave,シュバルツバルド共和国,リヒタルゼン地方,,生体工学研究所侵入,,,,,,,,
lhz_dun03,生体工学研究所 03,せいたいこうがくけんきゅうしょ 03,0,0,lighthalzen,,1,0,92,Naive Rave,シュバルツバルド共和国,リヒタルゼン地方,Lv.95～（転生90～）,生体工学研究所侵入,,,,,,水場：○,,
lhz_dun04,生体工学研究所 04,せいたいこうがくけんきゅうじょ 04,0,0,lighthalzen,1@lhz,1,0,92,Naive Rave,シュバルツバルド共和国,リヒタルゼン地方,Lv.95～（転生90～）,生体工学研究所侵入,,,,,,,,
lhz_dun_n,戦死者の墓,せんししゃのはか,0,0,lighthalzen,,1,0,124,Stranger Aeons,シュバルツバルド共和国,リヒタルゼン地方,,,,100kzか研究記録10枚,,,,"テレポ禁止,水場：○,入場前に研究記録100枚でMVPの湧き時間",生体NM,せいたいNM
splendide,前線基地 スプレンディッド,ぜんせんきち すぷれんでぃっど,1,0,,,0,0,132,March with Irish Whistle,異世界,妖精側,,,,,,,,NPCとの会話は要知恵の王の指輪,,
moc_fild01,ソグラト砂漠 01,そぐらとさばく 01,0,1,,,0,0,24,Desert,ルーンミッドガッツ王国,モロク地方,,,,,,,,,,
moc_fild02,ソグラト砂漠 02,そぐらとさばく 02,0,1,,,0,0,3,Peaceful Forest,ルーンミッドガッツ王国,モロク地方,,,,,,,,,,
moc_fild03,ソグラト砂漠 03,そぐらとさばく 03,0,1,,,0,0,3,Peaceful Forest,ルーンミッドガッツ王国,モロク地方,,,,,,,,,,
moc_fild04,ソグラト砂漠 04,そぐらとさばく 04,0,0,,,0,1,24,Desert,ルーンミッドガッツ王国,モロク地方,,,,,,,,,,
moc_fild05,ソグラト砂漠 05,そぐらとさばく 05,0,0,,,0,1,24,Desert,ルーンミッドガッツ王国,モロク地方,,,,,,,,,,
moc_fild06,ソグラト砂漠 06,そぐらとさばく 06,0,0,,,0,1,24,Desert,ルーンミッドガッツ王国,モロク地方,,,,,,,,,,
moc_fild07,ソグラト砂漠 07,そぐらとさばく 07,0,1,,,0,0,24,Desert,ルーンミッドガッツ王国,モロク地方,,,,,,,,,,
moc_fild08,ソグラト砂漠 08,そぐらとさばく 08,0,0,,,0,1,37,TeMPorsche,ルーンミッドガッツ王国,モロク地方,,,,,,,,,,
moc_fild09,ソグラト砂漠 09,そぐらとさばく 09,0,0,,,0,1,37,TeMPorsche,ルーンミッドガッツ王国,モロク地方,,,,,,,,,,
moc_fild10,ソグラト砂漠 10,そぐらとさばく 10,0,0,,,0,1,37,TeMPorsche,ルーンミッドガッツ王国,モロク地方,,,,,,,,,,
moc_fild11,ソグラト砂漠 11,そぐらとさばく 11,0,1,,,0,0,37,TeMPorsche,ルーンミッドガッツ王国,モロク地方,,,,,,,,水場：○,,
moc_fild12,ソグラト砂漠 12,そぐらとさばく 12,0,1,,,0,0,37,TeMPorsche,ルーンミッドガッツ王国,モロク地方,,,,,,,,,,
moc_fild13,ソグラト砂漠 13,そぐらとさばく 13,0,1,,,0,0,3,Peaceful Forest,ルーンミッドガッツ王国,モロク地方,,,,,,,,,,
moc_fild14,ソグラト砂漠 14,そぐらとさばく 14,0,0,,,0,1,37,TeMPorsche,ルーンミッドガッツ王国,モロク地方,,,,,,,,,,
moc_fild15,ソグラト砂漠 15,そぐらとさばく 15,0,0,,,0,1,37,TeMPorsche,ルーンミッドガッツ王国,モロク地方,,,,,,,,,,
moc_fild16,ソグラト砂漠 16,そぐらとさばく 16,0,1,,,0,0,45,Don't Piss me Off,ルーンミッドガッツ王国,モロク地方,,,,,,,,,アサシンギルド前,あさしんぎるどまえ
moc_fild17,ソグラト砂漠 17,そぐらとさばく 17,0,1,,,0,0,37,TeMPorsche,ルーンミッドガッツ王国,モロク地方,,,,,,,,,,
moc_fild18,ソグラト砂漠 18,そぐらとさばく 18,0,1,,,0,0,37,TeMPorsche,ルーンミッドガッツ王国,モロク地方,,,,,,,,,,
moc_fild19,ソグラト砂漠 19,そぐらとさばく 19,0,1,,in_sphinx1,0,0,37,TeMPorsche,ルーンミッドガッツ王国,モロク地方,,,,,,,,,,
monbt1_a1,第1作戦エリア,だい1さくせんえりあ,0,0,mbt_a,,2,0,41,Rag All Night Long,ルーンミッドガッツ王国,モンスターハウス,,,,,,,,"初級,クリア条件：モンスター全滅",MH,MH
monbt1_d1,第1作戦エリア,だい1さくせんえりあ,0,0,mbt_d,,2,0,41,Rag All Night Long,ルーンミッドガッツ王国,モンスターハウス,,,,,,,,中級,MH,MH
monbt1_i1,第1作戦エリア,だい1さくせんえりあ,0,0,mbt_i,,2,0,41,Rag All Night Long,ルーンミッドガッツ王国,モンスターハウス,,,,,,,,上級,MH,MH
monbt1_a2,第2作戦エリア,だい2さくせんえりあ,0,0,mbt_a,,2,0,41,Rag All Night Long,ルーンミッドガッツ王国,モンスターハウス,,,,,,,,"初級,クリア条件：守護モンスターの全滅",MH,MH
monbt1_d2,第2作戦エリア,だい2さくせんえりあ,0,0,mbt_d,,2,0,41,Rag All Night Long,ルーンミッドガッツ王国,モンスターハウス,,,,,,,,中級,MH,MH
monbt1_i2,第2作戦エリア,だい2さくせんえりあ,0,0,mbt_i,,2,0,41,Rag All Night Long,ルーンミッドガッツ王国,モンスターハウス,,,,,,,,上級,MH,MH
monbt1_a3,第3作戦エリア,だい3さくせんえりあ,0,0,mbt_a,,2,0,41,Rag All Night Long,ルーンミッドガッツ王国,モンスターハウス,,,,,,,,"初級,クリア条件：グミの全滅",MH,MH
monbt1_d3,第3作戦エリア,だい3さくせんえりあ,0,0,mbt_d,,2,0,41,Rag All Night Long,ルーンミッドガッツ王国,モンスターハウス,,,,,,,,中級,MH,MH
monbt1_i3,第3作戦エリア,だい3さくせんえりあ,0,0,mbt_i,,2,0,41,Rag All Night Long,ルーンミッドガッツ王国,モンスターハウス,,,,,,,,上級,MH,MH
monbt1_a4,第4作戦エリア,だい4さくせんえりあ,0,0,mbt_a,,2,0,41,Rag All Night Long,ルーンミッドガッツ王国,モンスターハウス,,,,,,,,"初級,クリア条件：モンスター全滅",MH,MH
monbt1_d4,第4作戦エリア,だい4さくせんえりあ,0,0,mbt_d,,2,0,41,Rag All Night Long,ルーンミッドガッツ王国,モンスターハウス,,,,,,,,中級,MH,MH
monbt1_i4,第4作戦エリア,だい4さくせんえりあ,0,0,mbt_i,,2,0,41,Rag All Night Long,ルーンミッドガッツ王国,モンスターハウス,,,,,,,,上級,MH,MH
monbt1_a5,第5作戦エリア,だい5さくせんえりあ,0,0,mbt_a,,2,0,41,Rag All Night Long,ルーンミッドガッツ王国,モンスターハウス,,,,,,,,初級,MH,MH
monbt1_d5,第5作戦エリア,だい5さくせんえりあ,0,0,mbt_d,,2,0,41,Rag All Night Long,ルーンミッドガッツ王国,モンスターハウス,,,,,,,,中級,MH,MH
monbt1_i5,第5作戦エリア,だい5さくせんえりあ,0,0,mbt_i,,2,0,41,Rag All Night Long,ルーンミッドガッツ王国,モンスターハウス,,,,,,,,上級,MH,MH
monbt1_a6,第6作戦エリア,だい6さくせんえりあ,0,0,mbt_a,,2,0,41,Rag All Night Long,ルーンミッドガッツ王国,モンスターハウス,,,,,,,,初級,MH,MH
monbt1_d6,第6作戦エリア,だい6さくせんえりあ,0,0,mbt_d,,2,0,41,Rag All Night Long,ルーンミッドガッツ王国,モンスターハウス,,,,,,,,中級,MH,MH
monbt1_i6,第6作戦エリア,だい6さくせんえりあ,0,0,mbt_i,,2,0,41,Rag All Night Long,ルーンミッドガッツ王国,モンスターハウス,,,,,,,,上級,MH,MH
monbt1_a7,第7作戦エリア,だい7さくせんえりあ,0,0,mbt_a,,2,0,41,Rag All Night Long,ルーンミッドガッツ王国,モンスターハウス,,,,,,,,初級,MH,MH
monbt1_d7,第7作戦エリア,だい7さくせんえりあ,0,0,mbt_d,,2,0,41,Rag All Night Long,ルーンミッドガッツ王国,モンスターハウス,,,,,,,,中級,MH,MH
monbt1_i7,第7作戦エリア,だい7さくせんえりあ,0,0,mbt_i,,2,0,41,Rag All Night Long,ルーンミッドガッツ王国,モンスターハウス,,,,,,,,上級,MH,MH
monbt1_a8,第8作戦エリア,だい8さくせんえりあ,0,0,mbt_a,,2,0,41,Rag All Night Long,ルーンミッドガッツ王国,モンスターハウス,,,,,,,,初級,MH,MH
monbt1_d8,第8作戦エリア,だい8さくせんえりあ,0,0,mbt_d,,2,0,41,Rag All Night Long,ルーンミッドガッツ王国,モンスターハウス,,,,,,,,中級,MH,MH
monbt1_i8,第8作戦エリア,だい8さくせんえりあ,0,0,mbt_i,,2,0,41,Rag All Night Long,ルーンミッドガッツ王国,モンスターハウス,,,,,,,,上級,MH,MH
monbt1_a9,第9作戦エリア,だい9さくせんえりあ,0,0,mbt_a,,2,0,41,Rag All Night Long,ルーンミッドガッツ王国,モンスターハウス,,,,,,,,初級,MH,MH
monbt1_d9,第9作戦エリア,だい9さくせんえりあ,0,0,mbt_d,,2,0,41,Rag All Night Long,ルーンミッドガッツ王国,モンスターハウス,,,,,,,,中級,MH,MH
monbt1_i9,第9作戦エリア,だい9さくせんえりあ,0,0,mbt_i,,2,0,41,Rag All Night Long,ルーンミッドガッツ王国,モンスターハウス,,,,,,,,上級,MH,MH
force_1-1,タイムアタックモード 1-1,たいむあたっくもーど 1-1,0,0,arena_room,,2,0,2,Gambler of highway,ルーンミッドガッツ王国,プロンテラ地方,Lv.1～99,,,1kz,5m,,,デスペナ無し,アリーナ,ありーな
force_2-1,タイムアタックモード 2-1,たいむあたっくもーど 2-1,0,0,arena_room,,2,0,2,Gambler of highway,ルーンミッドガッツ王国,プロンテラ地方,Lv.90～124,,,1kz,6m,,,デスペナ無し,アリーナ,ありーな
force_3-1,タイムアタックモード 3-1,たいむあたっくもーど 3-1,0,0,arena_room,,2,0,2,Gambler of highway,ルーンミッドガッツ王国,プロンテラ地方,Lv.125～149,,,1kz,7m,,,デスペナ無し,アリーナ,ありーな
force_4-1,タイムアタックモード 4-1,たいむあたっくもーど 4-1,0,0,arena_room,,2,0,2,Gambler of highway,ルーンミッドガッツ王国,プロンテラ地方,Lv.150～,,,1kz,8m,,,デスペナ無し,アリーナ,ありーな
force_5-1,タイムアタックモード 5-1,たいむあたっくもーど 5-1,0,0,arena_room,,2,0,2,Gambler of highway,ルーンミッドガッツ王国,プロンテラ地方,プリースト系列,,,1kz,8m,,,"デスペナ無し,Lvに応じてモンスターが変化",アリーナ,ありーな
bra_dun01,滝の中の洞窟 01,たきのなかのどうくつ 01,0,0,bra_fild01,,1,0,135,At Dusk,ローカル,ブラジリス,,トイレのオバケ,,渡航費10kz,,,,水場：○,,
bra_dun02,滝の中の洞窟 02,たきのなかのどうくつ 02,0,0,bra_fild01,,1,0,135,At Dusk,ローカル,ブラジリス,,トイレのオバケ,,渡航費10kz,,,,水場：○,,
tha_t01,タナトスタワー下層部 01,たなとすたわーかそうぶ 01,0,0,hu_fild01,,1,0,102,Erebos' Prelude,シュバルツバルド共和国,フィゲル地方,,,,,,,,,棚,たな
tha_t02,タナトスタワー下層部 02,たなとすたわーかそうぶ 02,0,0,hu_fild01,,1,0,102,Erebos' Prelude,シュバルツバルド共和国,フィゲル地方,,,,,,,,,棚,たな
tha_t03,タナトスタワー下層部 03,たなとすたわーかそうぶ 03,0,0,hu_fild01,,1,0,107,Seven Days Seven Nights,シュバルツバルド共和国,フィゲル地方,,,,5kz(3kz),,,,,棚,たな
tha_t04,タナトスタワー下層部 04,たなとすたわーかそうぶ 04,0,0,hu_fild01,,1,0,107,Seven Days Seven Nights,シュバルツバルド共和国,フィゲル地方,,,,5kz(3kz),,,,,棚,たな
thana_boss,タナトスタワー最上部,たなとすたわーさいじょうぶ,0,0,hu_fild01,,1,0,103,Invisible Invasion,シュバルツバルド共和国,フィゲル地方,転生後か拡張1次Lv.95～,,,"5kz(3kz),魔力石4種",,,,テレポ禁止,棚,たな
tha_t05,タナトスタワー上層部 05,たなとすたわーじょうそうぶ 05,0,0,hu_fild01,,1,0,107,Seven Days Seven Nights,シュバルツバルド共和国,フィゲル地方,,,,5kz(3kz),,,,,棚,たな
tha_t06,タナトスタワー上層部 06,たなとすたわーじょうそうぶ 06,0,0,hu_fild01,,1,0,107,Seven Days Seven Nights,シュバルツバルド共和国,フィゲル地方,,,,5kz(3kz),,,,ダークエイジ [1]とティアドロップを装備で1Fからショートカット可,棚,たな
tha_t07,タナトスタワー上層部 07,たなとすたわーじょうそうぶ 07,0,0,hu_fild01,,1,0,108,Angelica,シュバルツバルド共和国,フィゲル地方,転生後か拡張1次Lv.95～,,,5kz(3kz),,,,テレポ禁止,棚,たな
tha_t08,タナトスタワー上層部 08,たなとすたわーじょうそうぶ 08,0,0,hu_fild01,,1,0,108,Angelica,シュバルツバルド共和国,フィゲル地方,転生後か拡張1次Lv.95～,,,5kz(3kz),,,,テレポ禁止,棚,たな
tha_t09,タナトスタワー上層部 09,たなとすたわーじょうそうぶ 09,0,0,hu_fild01,,1,0,108,Angelica,シュバルツバルド共和国,フィゲル地方,転生後か拡張1次Lv.95～,,,5kz(3kz),,,,テレポ禁止,棚,たな
tha_t10,タナトスタワー上層部 10,たなとすたわーじょうそうぶ 10,0,0,hu_fild01,,1,0,108,Angelica,シュバルツバルド共和国,フィゲル地方,転生後か拡張1次Lv.95～,,,5kz(3kz),,,,テレポ禁止,棚,たな
tha_t11,タナトスタワー上層部 11,たなとすたわーじょうそうぶ 11,0,0,hu_fild01,,1,0,108,Angelica,シュバルツバルド共和国,フィゲル地方,転生後か拡張1次Lv.95～,,,5kz(3kz),,,,テレポ禁止,棚,たな
tha_t12,タナトスタワー上層部 12,たなとすたわーじょうそうぶ 12,0,0,hu_fild01,,1,0,108,Angelica,シュバルツバルド共和国,フィゲル地方,転生後か拡張1次Lv.95～,,,5kz(3kz),,,,テレポ禁止,棚,たな
tur_dun01,タートルアイランド,たーとるあいらんど,0,0,alberta,,1,0,65,Into the Abyss,ローカル,タートルアイランド,,タートルアイランド(途中まで),,渡航費10kz,,,,,亀島,かめじま
tur_dun01,タートルアイランド,たーとるあいらんど,0,0,alberta,,0,0,65,Into the Abyss,ローカル,タートルアイランド,,タートルアイランド(途中まで),,渡航費10kz,,,,,亀島,かめじま
tur_dun02,タートルアイランドダンジョン 01,たーとるあいらんどだんじょん 01,0,0,tur_dun01,,1,0,65,Into the Abyss,ローカル,タートルアイランド,,タートルアイランド(途中まで),,渡航費10kz,,,,,亀島,かめじま
tur_dun03,タートルアイランドダンジョン 02（陽居村）,たーとるあいらんどだんじょん 02（よういむら）,0,0,tur_dun01,,1,0,65,Into the Abyss,ローカル,タートルアイランド,,タートルアイランド(途中まで),,渡航費10kz,,,,,亀島,かめじま
tur_dun04,タートルアイランドダンジョン 03（久陽宮）,たーとるあいらんどだんじょん 03（きゅうようきゅう）,0,0,tur_dun01,,1,0,65,Into the Abyss,ローカル,タートルアイランド,,タートルアイランド(途中まで),,渡航費10kz,,,,テレポ解禁,亀島,かめじま
turbo_n_1,ターボトラック競技場,たーぼとらっくきょうぎじょう,0,0,turbo_room,,2,0,18,Time up!!,シュバルツバルド共和国,アルデバラン地方,,,,1kz,15m,,,デスペナ無し,,
turbo_room,ターボトラック控え室,たーぼとらっくひかえしつ,0,0,alde_gld,turbo_n_1,2,0,52,Ready~,シュバルツバルド共和国,アルデバラン地方,,,,,,,,在カプラ,,
un_bunker,地下シェルター,ちかしぇるたー,0,0,verus01,1@uns,1,0,162,Dark Light,シュバルツバルド共和国,ウェルス,,ファンタスマゴリカ(途中まで),,,,,,"テレポ禁止,特殊視点",,
un_bk_q,地下シェルター(メモリーレコード),ちかしぇるたー(めもりーれこーど),0,0,,,2,0,122,Ethical Aspiration,シュバルツバルド共和国,ウェルス,,ファンタスマゴリカ(途中まで),,メモリーレコード,,,,"テレポ禁止,特殊視点",,
1@pump,地下排水路,ちかはいすいろ,0,0,malangdo,,2,0,148,Melt Down!,ローカル,マラン島,Lv.40～,,1～,,1h,入場してから1回目のAM5:00,不可,"水場：○,排水溝の開く間隔は一定,排水溝の開く場所はランダム,掃除失敗時のギミックの再挑戦は可能",,
2@pump,地下排水路 最奥部,ちかはいすいろ さいおうぶ,0,0,malangdo,,2,0,148,Melt Down!,ローカル,マラン島,Lv.90～,,1～,,1h,入場してから1回目のAM5:00,不可,"水場：○,排水溝の開く間隔は一定,排水溝の開く場所はランダム,掃除失敗時のギミックの再挑戦は可能",,
1@mcd,チャールストン工場,ちゃーるすとんこうじょう,0,0,verus04,,2,0,160,Jittering Nightmare,シュバルツバルド共和国,ウェルス,三次職、影狼、朧、限界突破,,1～,,1h,入場してから1回目のAM4:00,不可,,,
1@lab,中央実験室,ちゅうおうじっけんしつ,0,0,verus01,,2,0,162,Dark Light,シュバルツバルド共和国,ウェルス,三次職、影狼、朧、限界突破,ファンタスマゴリカ(途中まで),1～,,1h,入場してから3回目のAM4:00,不可,戦闘は無し,,
pay_gld,チュンリム湖,ちゅんりむこ,0,1,,gld_dun01,0,0,66,Wanna Be Free!!,ルーンミッドガッツ王国,フェイヨン地方,,,,,,,,,,
treasure01,沈没船 1層,ちんぼつせん 1そう,0,0,alb2trea,,1,0,17,Tresure Hunter,ルーンミッドガッツ王国,アルベルタ地方,,,,渡航費250z,,,,水場：○,,
treasure02,沈没船 2層,ちんぼつせん 2そう,0,0,alb2trea,,1,0,17,Tresure Hunter,ルーンミッドガッツ王国,アルベルタ地方,,,,渡航費250z,,,,水場：○,船長,せんちょう
alb2trea,沈没船の付近の島,ちんぼつせんのふきんのしま,0,0,alberta,treasure01,0,0,52,Ready~,ルーンミッドガッツ王国,アルベルタ地方,,,,渡航費250z,,,,在カプラ,,
dewata,デワタ,でわた,1,1,,dew_dun01,0,0,142,Arrival,ローカル,デワタ,,,,渡航費10kz,,,,水場：○,,
dew_fild01,デワタフィールド 01,でわたふぃーるど 01,0,1,,dew_dun02,0,0,143,Mother Earth,ローカル,デワタ,,,,渡航費10kz,,,,水場：○,,
hugel,田園都市フィゲル,でんえんとしふぃげる,1,1,,,0,0,93,Latinnova,シュバルツバルド共和国,フィゲル地方,,,,,,,,,,
t_crack,時の狭間,ときのはざま,0,0,prontera,1@w_o_c,2,0,155,Eclage,コラボ,LoVA,,,,,,,,,LoVA,
ac_spec_03,特別室（地下道）,とくべつしつ（ちかどう）,0,0,"ac_cl_hall,ac_cl_area",,2,0,50,Out of Curiosity,ローカル,冒険者アカデミー,Lv.10～55,,,,,,,,アカデミー,あかでみー
ac_spec_02,特別室（廃墟）,とくべつしつ（はいきょ）,0,0,"ac_cl_hall,ac_cl_area",,2,0,83,Sleepless,ローカル,冒険者アカデミー,Lv.10～55,,,,,,,,アカデミー,あかでみー
ac_spec_01,特別室（湖）,とくべつしつ（みずうみ）,0,0,"ac_cl_hall,ac_cl_area",,2,0,62,High Roller Coaster,ローカル,冒険者アカデミー,Lv.10～55,,,,,,,,アカデミー,あかでみー
jawaii,常夏の島 ジャワイ,とこなつのしま じゃわい,1,1,,,0,0,28,You're in ruins,ローカル,ジャワイ,既婚者,,,渡航費100kz,,,,"水場：○,ハニールーム：盗蟲,アンティークルーム：赤いきのこ,ビラルーム：黒いきのこ2,スイートルーム：黒いきのこ1",,
monbt1_a0,突入待機地点 エリアA1,とつにゅうたいきちてん えりあA1,0,0,mbt_a,,2,0,41,Rag All Night Long,ルーンミッドガッツ王国,モンスターハウス,,,,,,,,初級,MH,MH
monbt1_d0,突入待機地点 エリアD1,とつにゅうたいきちてん えりあD1,0,0,mbt_d,,2,0,41,Rag All Night Long,ルーンミッドガッツ王国,モンスターハウス,,,,,,,,中級,MH,MH
monbt1_i0,突入待機地点 エリアI1,とつにゅうたいきちてん えりあI1,0,0,mbt_i,,2,0,41,Rag All Night Long,ルーンミッドガッツ王国,モンスターハウス,,,,,,,,"上級,クリア条件：モンスター全滅",MH,MH
thor_v01,トール火山ダンジョン 01,とーるかざんだんじょん 01,0,0,ve_fild03,,1,0,106,Sleeping Volcano,アルナベルツ教国,ベインス地方,,,,,,,,,,
thor_v02,トール火山ダンジョン 02,とーるかざんだんじょん 02,0,0,ve_fild03,,1,0,106,Sleeping Volcano,アルナベルツ教国,ベインス地方,,,,,,,,,,
thor_v03,トール火山ダンジョン 03,とーるかざんだんじょん 03,0,0,ve_fild03,,1,0,106,Sleeping Volcano,アルナベルツ教国,ベインス地方,,,,,,,,,,
mal_in02,ナビ号 船内,なびごう せんない,0,0,malangdo,,2,0,145,Marshmallow Waltz,ローカル,マラン島,,,,,,,,,,
nameless_i,名もなき島 朝,なもなきしま あさ,0,0,ve_fild07,,0,0,111,Good Morning,アルナベルツ教国,ベインス地方,修道院進行中のみ,,,,,,,,,
nameless_n,名もなき島 夜,なもなきしま よる,0,0,ve_fild07,abbey01,0,0,112,Good Night,アルナベルツ教国,ベインス地方,,修道院(途中まで),,,,,,水場：○,名無し,ななし
sch_gld,ニダヴェリール,にだヴぇりーる,0,1,,schg_dun01,0,0,,,シュバルツバルド共和国,ジュノー地方,,,,,,,,,,
nif_fild01,ニブルヘイムフィールド 01（秘境の村）,にぶるへいむふぃーるど 01（ひきょうのむら）,0,0,,,0,0,85,Dancing Christmas in the 13th Month,ローカル,ニブルヘイム,,,,,,,,,,
nif_fild02,ニブルヘイムフィールド 02（ギョル渓谷）,にぶるへいむふぃーるど 02（ぎょるけいこく）,0,0,,,0,0,85,Dancing Christmas in the 13th Month,ローカル,ニブルヘイム,,,,,,,,,,
1@nyd,ニーズヘッグの巣,にーずへっぐのす,0,0,nyd_dun02,,2,0,129,Fireflies Heaven,異世界,妖精側,,守護者(途中まで),1～,,4h,入場してから3回目のAM5:00,不可,水場：○,,
2@nyd,ニーズヘッグの巣,にーずへっぐのす,0,0,nyd_dun02,,2,0,130,Dread and Bold,異世界,妖精側,,守護者(途中まで),1～,,4h,入場してから3回目のAM5:00,不可,,,
c_tower1_,捻じれた時間の時計塔地上 1F,ねじれたじかんのとけいとうちじょう 1F,0,0,c_tower1,,1,0,60,Aeon,シュバルツバルド共和国,アルデバラン地方,Lv.150～,,,10kz,,,,階層移動はNPC経由のみ,時計塔NM,とけいとうNM
c_tower2_,捻じれた時間の時計塔地上 2F,ねじれたじかんのとけいとうちじょう 2F,0,0,c_tower1,,1,0,60,Aeon,シュバルツバルド共和国,アルデバラン地方,Lv.150～,,,10kz,,,,階層移動はNPC経由のみ,時計塔NM,とけいとうNM
c_tower3_,捻じれた時間の時計塔地上 3F,ねじれたじかんのとけいとうちじょう 3F,0,0,c_tower1,,1,0,60,Aeon,シュバルツバルド共和国,アルデバラン地方,Lv.150～,,,10kz,,,,階層移動はNPC経由のみ,時計塔NM,とけいとうNM
c_tower4_,捻じれた時間の時計塔地上 4F,ねじれたじかんのとけいとうちじょう 4F,0,0,c_tower1,,1,0,,,シュバルツバルド共和国,アルデバラン地方,Lv.150～,,,10kz,,,,階層移動はNPC経由のみ,時計塔NM,とけいとうNM
mag_dun01,ノーグロード 1層,のーぐろーど 1そう,0,0,yuno_fild03,,1,0,6,Risk your life,シュバルツバルド共和国,ジュノー地方,,,,,,,,,,
mag_dun02,ノーグロード 2層,のーぐろーど 2そう,0,0,yuno_fild03,,1,0,6,Risk your life,シュバルツバルド共和国,ジュノー地方,,,,,,,,,,
izlu2dun,バイラン島,ばいらんとう,0,0,izlude,iz_dun00,0,0,52,Ready~,ルーンミッドガッツ王国,プロンテラ地方,,,,渡航費150z,,,,"在カプラ,ショートカット：カプラ付近のエンソに5kzでB1F~B4F(要装備：酸素ボンベとスキューバマスク)",,
ma_scene01,バコナワ湖,ばこなわこ,0,0,,1@ma_b,0,0,153,Horizon,ローカル,ポートマラヤ,,,,渡航費10kz,,,,特殊視点,,
1@ma_b,バコナワの棲み処,ばこなわのすみか,0,0,ma_scene01,,2,0,151,Maximum,ローカル,ポートマラヤ,Lv.140～,バコナワの伝説、消えた住人とバコナワ,1～,渡航費10kz,2h,入場してから3回目のAM5:00,不可,"特殊視点,ミニマップ：×",,
ecl_fild01,花が咲き始めた大地,はながさきはじめただいち,0,1,,ecl_tdun01,0,0,140,Twilight Heaven,異世界,妖精側,,,,,,,,,,
ma_fild02,バリオ・フォレスト,ばりお・ふぉれすと,0,1,,1@ma_c,0,0,153,Horizon,ローカル,ポートマラヤ,,,,渡航費10kz,,,,水場：○,,
ma_fild01,バリオ・マヒワガ,ばりお・まひわが,0,1,,,0,0,153,Horizon,ローカル,ポートマラヤ,,,,渡航費10kz,,,,,,
1@dth1,ビオスの島 01,びおすのしま 01,0,0,moro_vol,,2,0,157,Disillusion,異世界,フレイムヴァレー,Lv.140～,フレイムヴァレーへの道,1～,,1h,入場してから1回目のAM5:00,不可,,,
1@dth2,ビオスの島 02,びおすのしま 02,0,0,moro_vol,,2,0,,,異世界,フレイムヴァレー,Lv.140～,フレイムヴァレーへの道,1～,,1h,入場してから1回目のAM5:00,不可,,,
1@dth3,ビオスの島 03,びおすのしま 03,0,0,moro_vol,,2,0,,,異世界,フレイムヴァレー,Lv.140～,フレイムヴァレーへの道,1～,,1h,入場してから1回目のAM5:00,不可,,,
1@air1,飛行船,ひこうせん,0,0,dali02,,2,0,87,Ethnica,異世界,時の通路,Lv.70～,,ソロPT,,1h,入場してから1回目のAM5:00,不可,1回クリアで会話短縮可,,
1@air2,飛行船,ひこうせん,0,0,dali02,,2,0,87,Ethnica,異世界,時の通路,Lv.70～,,ソロPT,,1h,入場してから1回目のAM5:00,不可,1回クリアで会話短縮可,,
airplane_01,飛行船（シュバルツバルド国外線）,ひこうせん（しゅばるつばるどこくがいせん）,0,0,"izlude,yuno,ra_fild12",,2,0,90,Noblesse Oblige,シュバルツバルド共和国,国外船,,,,1200z,,,,,,
bif_fild01,ビフロスト 南部,びふろすと なんぶ,0,1,,"1@mist,dali",0,0,140,Twilight Heaven,異世界,妖精側,,,,,,,,不思議な種消費で帰還可,,
bif_fild02,ビフロスト 北部,びふろすと ほくぶ,0,1,,,0,0,140,Twilight Heaven,異世界,妖精側,,,,,,,,,,
ecl_tdun01,ビフロストタワー 1階,びふろすとたわー 1かい,0,0,ecl_fild01,,1,0,154,Eclage,異世界,妖精側,,,,,,,,,ビフ塔,びふとう
ecl_tdun02,ビフロストタワー 2階,びふろすとたわー 2かい,0,0,ecl_fild01,,1,0,154,Eclage,異世界,妖精側,,,,,,,,,ビフ塔,びふとう
ecl_tdun03,ビフロストタワー 3階,びふろすとたわー 3かい,0,0,ecl_fild01,,1,0,154,Eclage,異世界,妖精側,,,,,,,,,ビフ塔,びふとう
ma_dun01,ビョンウンゴ病院1階,びょんうんごびょういん1かい,0,0,malaya,1@ma_h,1,0,150,Uncanny Dreams,ローカル,ポートマラヤ,,新任看護師と病院,,渡航費10kz,,,,,,
ma_dun01_jp,ビョンウンゴ病院2階,びょんうんごびょういん2かい,0,0,malaya,,1,0,150,Uncanny Dreams,ローカル,ポートマラヤ,,新任看護師と病院,,渡航費10kz,,,,ミニマップ：×,,
moc_pryd01,ピラミッドダンジョン 1F,ぴらみっどだんじょん 1F,0,0,moc_ruins,,1,0,22,Backattack!!,ルーンミッドガッツ王国,モロク地方,,,,,,,,,PD,PD
moc_pryd02,ピラミッドダンジョン 2F,ぴらみっどだんじょん 2F,0,0,moc_ruins,,1,0,22,Backattack!!,ルーンミッドガッツ王国,モロク地方,,,,,,,,,PD,PD
moc_pryd03,ピラミッドダンジョン 3F,ぴらみっどだんじょん 3F,0,0,moc_ruins,,1,0,22,Backattack!!,ルーンミッドガッツ王国,モロク地方,,,,,,,,,PD,PD
moc_pryd04,ピラミッドダンジョン 4F,ぴらみっどだんじょん 4F,0,0,moc_ruins,,1,0,22,Backattack!!,ルーンミッドガッツ王国,モロク地方,,,,,,,,,PD,PD
moc_pryd05,ピラミッドダンジョン B2F,ぴらみっどだんじょん B2F,0,0,moc_ruins,,1,0,22,Backattack!!,ルーンミッドガッツ王国,モロク地方,,,,,,,,,PD,PD
moc_pryd06,ピラミッドダンジョン B3F,ぴらみっどだんじょん B3F,0,0,moc_ruins,,1,0,22,Backattack!!,ルーンミッドガッツ王国,モロク地方,,,,,,,,,PD,PD
moc_prydn1,ピラミッドダンジョン 秘密の地下室01,ぴらみっどだんじょん ひみつのちかしつ01,0,0,moc_prydb1,,1,0,22,Backattack!!,ルーンミッドガッツ王国,モロク地方,Lv.100～,,,5kz,,,,,PDNM,PDNM
moc_prydn2,ピラミッドダンジョン 秘密の地下室02,ぴらみっどだんじょん ひみつのちかしつ02,0,0,moc_prydb1,,1,0,22,Backattack!!,ルーンミッドガッツ王国,モロク地方,Lv.100～,,,5kz,,,,,PDNM,PDNM
que_dan01,フィゲルフィールド,ふぃげるふぃーるど,0,0,mid_camp,,2,0,72,Big Guys Love This,シュバルツバルド共和国,フィゲル地方,魔王モロク追跡進行中のみ,異世界,ソロのみ,,4m,,,,,
hu_fild01,フィゲルフィールド 01（タナトスタワー）,ふぃげるふぃーるど 01（たなとすたわー）,0,1,,tha_t01,0,0,72,Big Guys Love This,シュバルツバルド共和国,フィゲル地方,,,,,,,,,,
hu_fild02,フィゲルフィールド 02,ふぃげるふぃーるど 02,0,1,,,0,0,91,CheongChoon,シュバルツバルド共和国,フィゲル地方,,,,,,,,,,
hu_fild03,フィゲルフィールド 03,ふぃげるふぃーるど 03,0,1,,,0,1,,,シュバルツバルド共和国,フィゲル地方,,,,,,,,,,
hu_fild04,フィゲルフィールド 04,ふぃげるふぃーるど 04,0,1,,,0,0,72,Big Guys Love This,シュバルツバルド共和国,フィゲル地方,,,,,,,,,,
hu_fild05,フィゲルフィールド 05（アビスレイク）,ふぃげるふぃーるど 05（あびすれいく）,0,1,,abyss_01,0,0,99,Uncanny Lake,シュバルツバルド共和国,フィゲル地方,,,,,,,,,,
hu_fild06,フィゲルフィールド 06,ふぃげるふぃーるど 06,0,1,,1@ravi,0,0,109,Alpen Rose,シュバルツバルド共和国,フィゲル地方,,,,,,,,水場：○,,
hu_fild07,フィゲルフィールド 07,ふぃげるふぃーるど 07,0,1,,,0,1,,,シュバルツバルド共和国,フィゲル地方,,,,,,,,,,
2@cata,封印された神殿（大封印祭壇）,ふういんされたしんでん（だいふういんさいだん）,0,0,prt_monk,,2,0,,,ルーンミッドガッツ王国,プロンテラ地方,Lv.75～,,2～,,2h,入場してから1回目のAM5:00,不可,,,
1@cata,封印された神殿（墓地）,ふういんされたしんでん（ぼち）,0,0,prt_monk,,2,0,,,ルーンミッドガッツ王国,プロンテラ地方,Lv.75～,,2～,,2h,入場してから1回目のAM5:00,不可,,,
1@face,フェイスワームの巣,ふぇいすわーむのす,0,0,dali,,2,0,36,Nano East,異世界,時の通路,Lv.140～,,1～,,1h,入場してから1回目のAM5:00,不可,,顔虫,かおむし
pay_dun00,フェイヨン地下洞窟 B1F,ふぇいよんちかどうくつ B1F,0,0,pay_arche,,1,0,20,Ancient groover,ルーンミッドガッツ王国,フェイヨン地方,,,,,,,,,,
pay_dun01,フェイヨン地下洞窟 B2F,ふぇいよんちかどうくつ B2F,0,0,pay_arche,,1,0,20,Ancient groover,ルーンミッドガッツ王国,フェイヨン地方,,,,,,,,,,
pay_dun02,フェイヨン地下洞窟 B3F,ふぇいよんちかどうくつ B3F,0,0,pay_arche,,1,0,20,Ancient groover,ルーンミッドガッツ王国,フェイヨン地方,,,,,,,,"水場：○,ヒドラは固定湧き",,
pay_dun03,フェイヨン地下洞窟 B4F（地下寺院）,ふぇいよんちかどうくつ B4F（ちかじいん）,0,0,pay_arche,,1,0,47,Welcome Mr. Hwang,ルーンミッドガッツ王国,フェイヨン地方,,,,,,,,"水場：○,ヒドラは固定湧き",,
pay_dun04,フェイヨン地下洞窟 B5F（地下寺院）,ふぇいよんちかどうくつ B5F（ちかじいん）,0,0,pay_arche,,1,0,47,Welcome Mr. Hwang,ルーンミッドガッツ王国,フェイヨン地方,,,,,,,,,,
pay_fild01,フェイヨン迷いの森 01,ふぇいよんまよいのもり 01,0,1,,,0,0,3,Peaceful Forest,ルーンミッドガッツ王国,フェイヨン地方,,,,,,,,,,
pay_fild02,フェイヨン迷いの森 02,ふぇいよんまよいのもり 02,0,1,,,0,0,3,Peaceful Forest,ルーンミッドガッツ王国,フェイヨン地方,,,,,,,,,,
pay_fild03,フェイヨン迷いの森 03,ふぇいよんまよいのもり 03,0,1,,,0,0,3,Peaceful Forest,ルーンミッドガッツ王国,フェイヨン地方,,,,,,,,,,
pay_fild04,フェイヨン迷いの森 04,ふぇいよんまよいのもり 04,0,1,,,0,0,3,Peaceful Forest,ルーンミッドガッツ王国,フェイヨン地方,,,,,,,,,ポリン島,ぽりんとう
pay_fild05,フェイヨン迷いの森 05,ふぇいよんまよいのもり 05,0,0,,,0,1,,,ルーンミッドガッツ王国,フェイヨン地方,,,,,,,,,,
pay_fild06,フェイヨン迷いの森 06,ふぇいよんまよいのもり 06,0,1,,,0,0,36,Nano East,ルーンミッドガッツ王国,フェイヨン地方,,,,,,,,,,
pay_fild07,フェイヨン迷いの森 07,ふぇいよんまよいのもり 07,0,1,,,0,0,36,Nano East,ルーンミッドガッツ王国,フェイヨン地方,,,,,,,,,,
pay_fild08,フェイヨン迷いの森 08,ふぇいよんまよいのもり 08,0,1,,,0,0,3,Peaceful Forest,ルーンミッドガッツ王国,フェイヨン地方,,,,,,,,,,
pay_fild09,フェイヨン迷いの森 09,ふぇいよんまよいのもり 09,0,1,,,0,0,36,Nano East,ルーンミッドガッツ王国,フェイヨン地方,,,,,,,,,エドガ,えどが
pay_fild10,フェイヨン迷いの森 10,ふぇいよんまよいのもり 10,0,1,,,0,0,36,Nano East,ルーンミッドガッツ王国,フェイヨン地方,,,,,,,,,,
pay_fild11,フェイヨン迷いの森 11,ふぇいよんまよいのもり 11,0,0,,,0,1,,,ルーンミッドガッツ王国,フェイヨン地方,,,,,,,,,,
pay_arche,フェイヨン弓手村,ふぇいよんゆみてむら,0,1,,pay_dun00,0,0,14,Theme of Payon,ルーンミッドガッツ王国,フェイヨン地方,,,,,,,,,,
mosk_dun02,深い森,ふかいもり,0,0,,,0,0,116,Away from Home,ローカル,モスコビア,グスリ装備,クジラ島を訪ねて,,渡航費10kz,,,,,,
mosk_ship,船,ふね,0,0,moscovia,,2,0,115,Tale of the East,ローカル,モスコビア,クジラ島を訪ねて進行中のみ,,,渡航費10kz,,,,,,
yggdrasil01,フベルゲルミルの泉(イグドラシルの幹),ふべるげるみるのいずみ(いぐどらしるのみき),0,0,um_dun02,,0,0,83,Sleepless,ローカル,ニブルヘイム,,,,,,,,,,
brasilis,ブラジリス,ぶらじりす,1,1,,,0,0,133,Sunny Side of Life,ローカル,ブラジリス,,,,渡航費10kz,,,,水場：○,,
bra_fild01,ブラジリスフィールド 01,ぶらじりすふぃーるど 01,0,1,,bra_dun01,0,0,134,Borborema,ローカル,ブラジリス,,,,渡航費10kz,,,,水場：○,,
dicastes02,ブルーメヴァルト,ぶるーめヴぁると,0,0,,,0,0,137,Dazzling Snow,異世界,巨人側,,,,,,,,,,
moro_vol,フレイムヴァレー,ふれいむヴぁれー,0,0,"dali,eclage","1@dth1,1@rev,1@eom",0,0,159,Judgement,異世界,フレイムヴァレー,Lv.140～,フレイムヴァレーへの道(途中まで),,,,,,,,
ra_san01,フレイヤ大神殿聖域 01,ふれいやだいしんでんせいいき 01,0,0,ra_temple,,1,0,95,Underneath The Temple,アルナベルツ教国,ラヘル地方,,聖域の秘密,,,,,,水場：○,,
ra_san02,フレイヤ大神殿聖域 02,ふれいやだいしんでんせいいき 02,0,0,ra_temple,,1,0,95,Underneath The Temple,アルナベルツ教国,ラヘル地方,,聖域の秘密,,,,,,,,
ra_san03,フレイヤ大神殿聖域 03,ふれいやだいしんでんせいいき 03,0,0,ra_temple,,1,0,95,Underneath The Temple,アルナベルツ教国,ラヘル地方,,聖域の秘密,,,,,,,,
ra_san04,フレイヤ大神殿聖域 04,ふれいやだいしんでんせいいき 04,0,0,ra_temple,,1,0,95,Underneath The Temple,アルナベルツ教国,ラヘル地方,,聖域の秘密,,,,,,,,
ra_san05,フレイヤ大神殿聖域 05,ふれいやだいしんでんせいいき 05,0,0,ra_temple,,1,0,95,Underneath The Temple,アルナベルツ教国,ラヘル地方,,聖域の秘密,,,,,,,,
ra_temple,フレイヤ大神殿（セスルムニル）,ふれいや大しんでん（せするむにる）,0,1,,ra_san01,0,0,95,Underneath The Temple,アルナベルツ教国,ラヘル地方,,,,,,,,,,
pab_camp,プロンテラ深淵,ぷろんてらしんえん,0,0,,"pab_dun01,pab_dun02,pab_dun03,pab_dun04",1,0,,,ルーンミッドガッツ王国,深淵の回廊,実装期間中のみ(不定期),,,,,,,不定期実装,,
pab_dun03,プロンテラ深淵（回廊）,ぷろんてらしんえん（かいろう）,0,0,pab_camp,1@pac,1,0,150,Uncanny Dreams,ルーンミッドガッツ王国,深淵の回廊,実装期間中のみ(不定期),,,,,,,不定期実装,,
pab_dun04,プロンテラ深淵（旧市街地）,ぷろんてらしんえん（きゅうしがいち）,0,0,pab_camp,,1,0,,,ルーンミッドガッツ王国,深淵の回廊,実装期間中のみ(不定期),,,,,,,不定期実装,,
pab_dun02,プロンテラ深淵（祭祀場）,ぷろんてらしんえん（さいしじょう）,0,0,pab_camp,,1,0,,,ルーンミッドガッツ王国,深淵の回廊,実装期間中のみ(不定期),,,,,,,不定期実装,,
pab_dun01,プロンテラ深淵（庭園）,ぷろんてらしんえん（ていえん）,0,0,pab_camp,,1,0,116,Away from Home,ルーンミッドガッツ王国,深淵の回廊,実装期間中のみ(不定期),,,,,,,不定期実装,,
prt_sewb1,プロンテラ地下水路 B1F,ぷろんてらちかすいろ B1F,0,0,prt_fild05,,1,0,19,Under the ground,ルーンミッドガッツ王国,プロンテラ地方,,地下水路討伐,,,,,,,,
prt_sewb2,プロンテラ地下水路 B2F,ぷろんてらちかすいろ B2F,0,0,prt_fild05,,1,0,19,Under the ground,ルーンミッドガッツ王国,プロンテラ地方,,地下水路討伐,,,,,,水場：○,,
prt_sewb3,プロンテラ地下水路 B3F,ぷろんてらちかすいろ B3F,0,0,prt_fild05,,1,0,19,Under the ground,ルーンミッドガッツ王国,プロンテラ地方,,地下水路討伐,,,,,,水場：○,,
prt_sewb4,プロンテラ地下水路 B4F,ぷろんてらちかすいろ B4F,0,0,prt_fild05,,1,0,19,Under the ground,ルーンミッドガッツ王国,プロンテラ地方,,地下水路討伐,,,,,,,金ゴキ,きんごき
prt_fild00,プロンテラフィールド 00,ぷろんてらふぃーるど 00,0,1,,,0,0,5,Tread on the ground,ルーンミッドガッツ王国,プロンテラ地方,,,,,,,,,,
prt_fild01,プロンテラフィールド 01,ぷろんてらふぃーるど 01,0,1,,prt_maze01,0,0,12,Streamside,ルーンミッドガッツ王国,プロンテラ地方,,,,,,,,在カプラ,,
prt_fild02,プロンテラフィールド 02,ぷろんてらふぃーるど 02,0,1,,,0,0,5,Tread on the ground,ルーンミッドガッツ王国,プロンテラ地方,,,,,,,,,,
prt_fild03,プロンテラフィールド 03,ぷろんてらふぃーるど 03,0,1,,,0,0,5,Tread on the ground,ルーンミッドガッツ王国,プロンテラ地方,,,,,,,,,,
prt_fild04,プロンテラフィールド 04,ぷろんてらふぃーるど 04,0,1,,,0,0,5,Tread on the ground,ルーンミッドガッツ王国,プロンテラ地方,,,,,,,,,,
prt_fild05,プロンテラフィールド 05,ぷろんてらふぃーるど 05,0,1,,prt_sewb1,0,0,12,Streamside,ルーンミッドガッツ王国,プロンテラ地方,,,,,,,,"在カプラ,水場：○",,
prt_fild06,プロンテラフィールド 06,ぷろんてらふぃーるど 06,0,1,,,0,0,12,Streamside,ルーンミッドガッツ王国,プロンテラ地方,,,,,,,,,,
prt_fild07,プロンテラフィールド 07,ぷろんてらふぃーるど 07,0,1,,,0,0,5,Tread on the ground,ルーンミッドガッツ王国,プロンテラ地方,,,,,,,,,,
prt_fild08,プロンテラフィールド 08,ぷろんてらふぃーるど 08,0,1,,,0,0,12,Streamside,ルーンミッドガッツ王国,プロンテラ地方,,,,,,,,,プロ南,ぷろみなみ
prt_fild09,プロンテラフィールド 09,ぷろんてらふぃーるど 09,0,1,,,0,0,4,I miss you,ルーンミッドガッツ王国,プロンテラ地方,,,,,,,,,,
prt_fild10,プロンテラフィールド 10,ぷろんてらふぃーるど 10,0,1,,,0,0,4,I miss you,ルーンミッドガッツ王国,プロンテラ地方,,,,,,,,,,
prt_fild11,プロンテラフィールド 11,ぷろんてらふぃーるど 11,0,1,,,0,0,4,I miss you,ルーンミッドガッツ王国,プロンテラ地方,,,,,,,,,,
1@ma_c,ブワヤの巣,ぶわやのす,0,0,ma_fild02,,2,0,152,Voices,ローカル,ポートマラヤ,Lv.130～,森の中の秘密,1～,渡航費10kz,1h,入場してから1回目のAM5:00,不可,水場：○,,
ma_c_jp,ブワヤの洞窟,ぶわやのどうくつ,0,0,ma_fild02,,1,0,152,Voices,ローカル,ポートマラヤ,,,,渡航費10kz,,,,水場：○,,
ve_fild01,ベインスフィールド 01,べいんすふぃーるど 01,0,1,,,0,0,104,On Your Way Back,アルナベルツ教国,ベインス地方,,,,,,,,水場：○,,
ve_fild02,ベインスフィールド 02,べいんすふぃーるど 02,0,1,,,0,0,105,Rose of Sharon,アルナベルツ教国,ベインス地方,,,,,,,,,,
ve_fild03,ベインスフィールド 03,べいんすふぃーるど 03,0,1,,thor_v01,0,0,105,Rose of Sharon,アルナベルツ教国,ベインス地方,,,,,,,,,,
ve_fild04,ベインスフィールド 04,べいんすふぃーるど 04,0,1,,,0,0,105,Rose of Sharon,アルナベルツ教国,ベインス地方,,,,,,,,,,
ve_fild05,ベインスフィールド 05,べいんすふぃーるど 05,0,1,,,0,0,105,Rose of Sharon,アルナベルツ教国,ベインス地方,,,,,,,,,,
ve_fild06,ベインスフィールド 06,べいんすふぃーるど 06,0,0,,,0,0,105,Rose of Sharon,アルナベルツ教国,ベインス地方,,,,,,,,特殊視点,,
ve_fild07,ベインスフィールド 07,べいんすふぃーるど 07,0,1,,,0,0,105,Rose of Sharon,アルナベルツ教国,ベインス地方,,,,,,,,水場：○,,
1@cash,暴窟王の洞窟,ぼうくつおうのどうくつ,0,0,mal_dun01,,2,0,147,Octopus Scramble,ローカル,マラン島,,,1～,,1h,156h,可,水場：○,たこ足,たこあし
1@spa,亡霊の王宮,ぼうれいのおうきゅう,0,0,dali02,,2,0,117,Dream of a Whale,異世界,時の通路,Lv.100～,,1～,,1h,入場してから1回目のAM5:00,不可,1回クリアで会話短縮可,桜井,さくらい
mal_dun01,星明りの珊瑚礁,ほしあかりのさんごしょう,0,0,malangdo,1@cash,0,0,146,Diamond Dust,ローカル,マラン島,,,,,,,,,,
1@xm_d,ホラーおもちゃ工場,ほらーおもちゃこうじょう,0,0,xmas,,2,0,"99,52","Uncanny Lake,Ready~",ローカル,ルティエ,Lv.110～,,1～,,1h,入場してから1回目のAM5:00,不可,,,
malaya,ポートマラヤ,ぽーとまらや,1,1,,ma_dun01,0,0,149,Theme of Port Malaya,ローカル,ポートマラヤ,,,,渡航費10kz,,,,裏返しのシャツ消費で帰還可,,
1@eom,魔神殿,まじんでん,0,0,moro_vol,,2,0,,,異世界,フレイムヴァレー,"Lv.140～,ビオスの島クリア,モルスの洞窟クリア",フレイムヴァレーへの道,1～,,1.5h,クリア報告してから1回目のAM5:00,可,,,
1@tnm2,魔神の塔最上階,まじんのとうさいじょうかい,0,0,dali02,,2,0,102,Erebos' Prelude,異世界,時の通路,Lv.70～,,1～,,1h,入場してから1回目のAM5:00,不可,,,
1@tnm1,魔神の塔上層,まじんのとうじょうそう,0,0,dali02,,2,0,102,Erebos' Prelude,異世界,時の通路,Lv.70～,,1～,,1h,入場してから1回目のAM5:00,不可,,,
man_fild01,マヌクフィールド 01,まぬくふぃーるど 01,0,0,,,0,0,127,Mystic Haze,異世界,巨人側,,,,,,,,,,
man_fild02,マヌクフィールド 02,まぬくふぃーるど 02,0,0,,,0,0,127,Mystic Haze,異世界,巨人側,,,,,,,,,,
man_fild03,マヌクフィールド 03,まぬくふぃーるど 03,0,0,,,0,0,127,Mystic Haze,異世界,巨人側,,,,,,,,,,
geffen,魔法の都市ゲフェン,まほうのとしげふぇん,1,1,,"gefenia01,gefenia02,gefenia03,gefenia04",0,0,13,Theme of Geffen,ルーンミッドガッツ王国,ゲフェン地方,,,,,,,,,,
malangdo,マラン島,まらんとう,0,0,"izlude,alberta,dali","mal_dun01,1@pump,mal_in02",0,0,145,Marshmallow Waltz,ローカル,マラン島,,,,渡航費1kz,,,,"水場：○,マラン島特産缶詰消費で帰還可",,
e_tower,ミスティーアイランド,みすてぃーあいらんど,0,0,alberta,,2,0,124,Stranger Aeons,ローカル,エンドレスタワー,,,,渡航費10kz,,,,特殊視点,,
e_tower,ミスティーアイランド,みすてぃーあいらんど,0,0,alberta,,0,0,124,Stranger Aeons,ローカル,エンドレスタワー,,,,渡航費10kz,,,,特殊視点,,
mid_camp,ミッドガルド連合軍駐屯地,みっどがるどれんごうちゅうとんち,1,1,moc_fild22,"dali,que_dan01",0,0,126,New World Orde,異世界,駐屯地,,異世界,,,,,,,,
alberta,港の都市アルベルタ,みなとのとしあるべるた,1,1,,tur_dun01,0,0,15,Theme of Alberta,ルーンミッドガッツ王国,アルベルタ地方,,,,,,,,,,
mjolnir_01,ミョルニール山脈 01,みょるにーるさんみゃく 01,0,1,,,0,0,31,Brassy Road,ルーンミッドガッツ王国,ミョルニール山脈,,,,,,,,,,
mjolnir_02,ミョルニール山脈 02,みょるにーるさんみゃく 02,0,1,,mjo_dun01,0,0,33,Yuna Song,ルーンミッドガッツ王国,ミョルニール山脈,,,,,,,,在カプラ,,
mjolnir_03,ミョルニール山脈 03,みょるにーるさんみゃく 03,0,1,,,0,0,33,Yuna Song,ルーンミッドガッツ王国,ミョルニール山脈,,,,,,,,,,
mjolnir_04,ミョルニール山脈 04,みょるにーるさんみゃく 04,0,1,,,0,0,33,Yuna Song,ルーンミッドガッツ王国,ミョルニール山脈,,,,,,,,,,
mjolnir_05,ミョルニール山脈 05,みょるにーるさんみゃく 05,0,1,,,0,0,34,Pampas Upas,ルーンミッドガッツ王国,ミョルニール山脈,,,,,,,,,赤芋,あかいも
mjolnir_06,ミョルニール山脈 06,みょるにーるさんみゃく 06,0,1,,,0,0,31,Brassy Road,ルーンミッドガッツ王国,ミョルニール山脈,,,,,,,,,,
mjolnir_07,ミョルニール山脈 07,みょるにーるさんみゃく 07,0,1,,,0,0,31,Brassy Road,ルーンミッドガッツ王国,ミョルニール山脈,,,,,,,,,,
mjolnir_08,ミョルニール山脈 08,みょるにーるさんみゃく 08,0,1,,,0,0,33,Yuna Song,ルーンミッドガッツ王国,ミョルニール山脈,,,,,,,,,,
mjolnir_09,ミョルニール山脈 09,みょるにーるさんみゃく 09,0,1,,,0,0,31,Brassy Road,ルーンミッドガッツ王国,ミョルニール山脈,,,,,,,,水場：○,スドリ,すどり
mjolnir_10,ミョルニール山脈 10,みょるにーるさんみゃく 10,0,1,,,0,0,34,Pampas Upas,ルーンミッドガッツ王国,ミョルニール山脈,,,,,,,,,,
mjolnir_11,ミョルニール山脈 11,みょるにーるさんみゃく 11,0,1,,,0,0,34,Pampas Upas,ルーンミッドガッツ王国,ミョルニール山脈,,,,,,,,,,
mjolnir_12,ミョルニール山脈 12,みょるにーるさんみゃく 12,0,1,,,0,0,34,Pampas Upas,ルーンミッドガッツ王国,ミョルニール山脈,,,,,,,,,,
mjo_dun01,ミョルニール廃鉱 B1F,みょるにーるはいこう B1F,0,0,mjolnir_02,,1,0,27,Dreamer's Dream,ルーンミッドガッツ王国,ミョルニール山脈,,,,,,,,,,
mjo_dun02,ミョルニール廃鉱 B2F,みょるにーるはいこう B2F,0,0,mjolnir_02,,1,0,27,Dreamer's Dream,ルーンミッドガッツ王国,ミョルニール山脈,,,,,,,,,,
mjo_dun03,ミョルニール廃鉱 B3F,みょるにーるはいこう B3F,0,0,mjolnir_02,,1,0,27,Dreamer's Dream,ルーンミッドガッツ王国,ミョルニール山脈,,,,,,,,,,
prt_maze01,迷宮の森 01,めいきゅうのもり 01,0,0,prt_fild01,,1,0,16,Labyrinth,ルーンミッドガッツ王国,プロンテラ地方,,,,,,,,"Fromプロ側To2F：N-S-W-E-S-N-E-N-N-E,Fromアルデ側To2F：S-S-W-E-S-N-E-N-N-E,Fromプロ側Toアルデ側：N-S-W-E-S-N-N-S,Fromアルデ側Toプロ側：S-E-N-N-N",,
prt_maze02,迷宮の森 02,めいきゅうのもり 02,0,0,prt_fild01,,1,0,16,Labyrinth,ルーンミッドガッツ王国,プロンテラ地方,,,,,,,,,,
prt_maze03,迷宮の森 03,めいきゅうのもり 03,0,0,prt_fild01,,1,0,16,Labyrinth,ルーンミッドガッツ王国,プロンテラ地方,,,,,,,,,,
moscovia,モスコビア,もすこびあ,1,1,alberta,mosk_ship,0,0,114,Theme of Moscovia,ローカル,モスコビア,,,,渡航費10kz,,,,,,
mosk_fild02,モスコビアフィールド,もすこびあふぃーるど,0,0,,,0,0,115,Tale of the East,ローカル,モスコビア,グスリ装備,クジラ島を訪ねて,,渡航費10kz,,,,,,
ama_test,モモタロ体験館,ももたろたいけんかん,0,0,amatsu,,2,0,,,ローカル,アマツ,モモタロ体験館に未挑戦,,,渡航費10kz,6m,,,,,
mosk_dun01,森,もり,0,0,,,0,0,116,Away from Home,ローカル,モスコビア,グスリ装備,クジラ島を訪ねて,,渡航費10kz,,,,,,
1@rev,モルスの洞窟,もるすのどうくつ,0,0,moro_vol,,2,0,,,異世界,フレイムヴァレー,"Lv.140～,ビオスの島クリア",フレイムヴァレーへの道,1～,,1h,入場してから1回目のAM5:00,不可,,,
moc_ruins,モロク - ピラミッド周辺,もろく - ぴらみっどしゅうへん,0,1,,moc_pryd01,0,0,52,Ready~,ルーンミッドガッツ王国,モロク地方,,,,,,,,水場：○,,
1@tnm3,モロク城地下,もろくじょうちか,0,0,dali02,,2,0,102,Erebos' Prelude,異世界,時の通路,Lv.70～,,1～,,1h,入場してから1回目のAM5:00,不可,,,
1@ma_h,闇のビョンウンゴ病院2階,やみのびょんうんごびょういん2かい,0,0,ma_dun01,,2,0,150,Uncanny Dreams,ローカル,ポートマラヤ,Lv.100～,新任看護師と病院,1～,渡航費10kz,1h,23h(入場は報酬受け取りから23h),不可,,,
xmas,雪の街ルティエ,ゆきのまちるてぃえ,1,1,,xmas_dun01,0,0,59,Theme of Lutie / Snow In My He,ローカル,ルティエ,,,,,,,,,,
amatsu,泉水の国アマツ,よみのくにあまつ,1,1,alberta,"ama_dun01,ama_test",0,0,76,Purity of your smile,ローカル,アマツ,,,,渡航費10kz,,,,水場：○,,
1@ravi,ラヴィーネ山脈01,らヴぃーねさんみゃく01,0,0,hu_fild06,,2,0,138,TeMPlatonic,シュバルツバルド共和国,フィゲル地方,Lv.30～,,1～,,2h,23h(第3段階は71h),不可,,"暗黒時代,RODS","あんこくじだい,RODS"
2@ravi,ラヴィーネ山脈02,らヴぃーねさんみゃく02,0,0,hu_fild06,,2,0,138,TeMPlatonic,シュバルツバルド共和国,フィゲル地方,Lv.30～,,1～,,2h,23h(第3段階は71h),不可,,"暗黒時代,RODS","あんこくじだい,RODS"
lounge01_jp,ラウンジ 1F,らうんじ 1F,0,0,,,1,0,146,Diamond Dust,ネットカフェ,ラウンジ,ネットカフェログイン時のみ,,,,,,,"各街にいる「ラウンジ転送員」から移動,ラウンジの香り使用で帰還可",,
lounge02_jp,ラウンジ 2F,らうんじ 2F,0,0,,,1,0,146,Diamond Dust,ネットカフェ,ラウンジ,ネットカフェログイン時のみ,,,,,,,"各街にいる「ラウンジ転送員」から移動,ラウンジの香り使用で帰還可",,
lounge00_jp,ラウンジ B1F,らうんじ B1F,0,0,,,1,0,146,Diamond Dust,ネットカフェ,ラウンジ,ネットカフェログイン時のみ,,,,,,,"各街にいる「ラウンジ転送員」から移動,ラウンジの香り使用で帰還可",,
moc_para01,楽園団 01,らくえんだん 01,0,0,"prontera,morocc",1@jtb,2,0,11,Theme of Morroc,ルーンミッドガッツ王国,モロク地方,,,,,,,,帰りは入場した町,,
eclage,ラフィネ族の首都 エクラージュ,らふぃねぞくのしゅと えくらーじゅ,1,1,,"moro_vol,que_avan01,1@ecl",0,0,155,Eclage,異世界,妖精側,,,,,,,,"特殊視点,妖精の羽装備で帰還スキル使用可",,
ra_fild01,ラヘルフィールド 01（アウドムラ草原）,らへるふぃーるど 01（あうどむらそうげん）,0,1,,ice_dun01,0,0,98,Top Hoppy,アルナベルツ教国,ラヘル地方,,,,,,,,水場：○,,
ra_fild02,ラヘルフィールド 02（オズ狭谷）,らへるふぃーるど 02（おずきょうこく）,0,1,,,0,1,97,Lastman Dancing,アルナベルツ教国,ラヘル地方,,,,,,,,,,
ra_fild03,ラヘルフィールド 03（イダ平原）,らへるふぃーるど 03（いだへいげん）,0,1,,,0,0,97,Lastman Dancing,アルナベルツ教国,ラヘル地方,,,,,,,,水場：○,,
ra_fild04,ラヘルフィールド 04（アウドムラ草原）,らへるふぃーるど 04（あうどむらそうげん）,0,1,,,0,0,98,Top Hoppy,アルナベルツ教国,ラヘル地方,,,,,,,,,,
ra_fild05,ラヘルフィールド 05（アウドムラ草原）,らへるふぃーるど 05（あうどむらそうげん）,0,1,,,0,0,98,Top Hoppy,アルナベルツ教国,ラヘル地方,,,,,,,,,調印,ちょういん
ra_fild06,ラヘルフィールド 06（ポルトルナ）,らへるふぃーるど 06（ぽるとるな）,0,1,,,0,0,98,Top Hoppy,アルナベルツ教国,ラヘル地方,,,,,,,,,,
ra_fild07,ラヘルフィールド 07（オズ狭谷）,らへるふぃーるど 07（おずきょうこく）,0,1,,,0,1,97,Lastman Dancing,アルナベルツ教国,ラヘル地方,,,,,,,,,,
ra_fild08,ラヘルフィールド 08（イダ平原）,らへるふぃーるど 08（いだへいげん）,0,1,,,0,0,97,Lastman Dancing,アルナベルツ教国,ラヘル地方,,,,,,,,,,
ra_fild09,ラヘルフィールド 09（アウドムラ草原）,らへるふぃーるど 09（あうどむらそうげん）,0,1,,,0,1,98,Top Hoppy,アルナベルツ教国,ラヘル地方,,,,,,,,,,
ra_fild10,ラヘルフィールド 10（オズ狭谷）,らへるふぃーるど 10（おずきょうこく）,0,0,,,0,1,97,Lastman Dancing,アルナベルツ教国,ラヘル地方,,,,,,,,,,
ra_fild11,ラヘルフィールド 11（イダ平原）,らへるふぃーるど 11（いだへいげん）,0,1,,,0,1,97,Lastman Dancing,アルナベルツ教国,ラヘル地方,,,,,,,,,,
ra_fild12,ラヘルフィールド 12（イダ平原）,らへるふぃーるど 12（いだへいげん）,0,1,,airplane_01,0,0,97,Lastman Dancing,アルナベルツ教国,ラヘル地方,,,,,,,,,,
ra_fild13,ラヘルフィールド 13（涙の海岸）,らへるふぃーるど 13（なみだのかいがん）,0,1,,,0,1,97,Lastman Dancing,アルナベルツ教国,ラヘル地方,,,,,,,,,,
lhz_fild01,リヒタルゼンフィールド 01,りひたるぜんふぃーるど 01,0,1,,,0,0,91,CheongChoon,シュバルツバルド共和国,リヒタルゼン地方,,,,,,,,,,
lhz_fild02,リヒタルゼンフィールド 02(死神の峡谷),りひたるぜんふぃーるど 02(しにがみのきょうこく),0,1,,,0,0,91,CheongChoon,シュバルツバルド共和国,リヒタルゼン地方,,,,,,,,,,
lhz_fild03,リヒタルゼンフィールド 03,りひたるぜんふぃーるど 03,0,1,,,0,0,91,CheongChoon,シュバルツバルド共和国,リヒタルゼン地方,,,,,,,,,,
lou_dun01,龍之城ダンジョン 01（王陵）,りゅうのしろだんじょん 01（おうりょう）,0,0,louyang,,1,0,80,Jumping Dragon,ローカル,龍之城,,,,渡航費10kz,,,,,,
lou_dun02,龍之城ダンジョン 02（王陵 内部）,りゅうのしろだんじょん 02（おうりょう ないぶ）,0,0,louyang,,1,0,80,Jumping Dragon,ローカル,龍之城,,,,渡航費10kz,,,,,,
lou_dun03,龍之城ダンジョン 03（白羊宮）,りゅうのしろだんじょん 03（はくようきゅう）,0,0,louyang,,1,0,80,Jumping Dragon,ローカル,龍之城,,,,渡航費10kz,,,,,,
lou_fild01,龍之城フィールド 01,りゅうのしろふぃーるど 01,0,1,alberta,,0,0,79,The Great,ローカル,龍之城,,,,渡航費10kz,,,,,,
xmas_fild01,ルティエフィールド 01,るてぃえふぃーるど 01,0,1,aldebaran,,0,0,55,"Welcome, my lord",ローカル,ルティエ,,,,,,,,,,
prontera,ルーンミッドガッツ王国の首都プロンテラ,るーんみっどがっつおうこくのしゅとぷろんてら,1,1,,"1@jtb,ji_ev_pro",0,0,8,Theme of Prontera,ルーンミッドガッツ王国,プロンテラ地方,,,,,,,,冒険者のリュック装備で帰還スキル使用可,,
mora,レシア族の街 モーラ,れしあぞくのまち もーら,1,1,bif_fild02,,0,0,139,Sugar Cane Carnival,異世界,妖精側,,,,,,,,"水場：○,守護者のペンダント装備で帰還スキル使用可",,
lhz_in01,レッケンベル本社,れっけんべるほんしゃ,0,0,,,2,0,90,Noblesse Oblige,シュバルツバルド共和国,リヒタルゼン地方,,,,,,,,大統領 第2部進行中のみ出現,,
harboro1,ロックリッジ,ろっくりっじ,1,1,alb2trea,"harboro2,harboro3",0,0,,,ローカル,ロックリッジ,,,,,,,,,,
rockmi1,ロックリッジ鉱山 01,ろっくりっじこうざん 01,0,0,rockrdg2,,1,0,,,ローカル,ロックリッジ,,,,,,,,,,
rockmi3,ロックリッジ鉱山 01 奥地,ろっくりっじこうざん 01 おくち,0,0,rockrdg2,,1,0,,,ローカル,ロックリッジ,,,,,,,,,,
rockmi2,ロックリッジ鉱山 02,ろっくりっじこうざん 02,0,0,,,1,0,,,ローカル,ロックリッジ,,,,,,,,,,
harboro2,ロックリッジ地下街,ろっくりっじちかがい,0,0,harboro1,,1,0,,,ローカル,ロックリッジ,,,,,,,,,,
harboro3,ロックリッジ地下街 奥地,ろっくりっじちかがい おくち,0,0,harboro1,,1,0,,,ローカル,ロックリッジ,,,,,,,,,,
que_sign01,わからない所,わからないところ,0,0,niflheim,,2,0,84,Christmas in the 13th Month,ローカル,ニブルヘイム,,The Sign(途中まで),,,戦闘のみモンスター出現後10m,,,戦闘可能条件：The Sign進行中 or 魔女の印所持,サイン,さいん
1@la_00,試練の迷宮,しれんのめいきゅう,0,0,,,2,0,,,ルーンミッドガッツ王国,夢幻の迷宮,,,,,,,,,,
1@lb_00,封印の迷宮,ふういんのめいきゅう,0,0,,,2,0,,,ルーンミッドガッツ王国,夢幻の迷宮,,,,,,,,,,
1@lc_00,異形の迷宮,いけいのめいきゅう,0,0,,,2,0,,,ルーンミッドガッツ王国,夢幻の迷宮,,,,,,,,,,
gef_d01_j,250 ページ,250 ぺーじ,0,0,,,2,0,,,ルーンミッドガッツ王国,イリュージョンダンジョン,,,,,,,,,イリュージョンダンジョン,いりゅーじょんだんじょん
pay_d03_i,月夜花の悪夢,うぉるやふぃーのあくむ,0,0,,,2,0,,,ルーンミッドガッツ王国,イリュージョンダンジョン,,,,,,,,,イリュージョンダンジョン,いりゅーじょんだんじょん
ice_d03_i,フローズンメモリー,ふろーずんめもりー,0,0,,,2,0,,,ルーンミッドガッツ王国,イリュージョンダンジョン,,,,,,,,,イリュージョンダンジョン,いりゅーじょんだんじょん